2026-09-06T15:51:58.120+02:00  INFO 11457 --- [user-service] [main] com.ecommerce.user.UserApplication       : Starting UserApplication using Java 21.0.10 with PID 11457 (/Users/limon/Documents/SehrishWrokspace/eCommerceMicroservice/ecom-microservices/user/user/target/classes started by limon in /Users/limon/Documents/SehrishWrokspace/eCommerceMicroservice/ecom-microservices)
2026-09-06T15:51:58.122+02:00  INFO 11457 --- [user-service] [main] com.ecommerce.user.UserApplication       : No active profile set, falling back to 1 default profile: "default"
2026-09-06T15:51:58.165+02:00  INFO 11457 --- [user-service] [main] o.s.c.c.c.ConfigServerConfigDataLoader   : Fetching config from server at : http://localhost:8888
2026-09-06T15:51:58.166+02:00  INFO 11457 --- [user-service] [main] o.s.c.c.c.ConfigServerConfigDataLoader   : Exception on Url - http://localhost:8888:org.springframework.web.client.ResourceAccessException: I/O error on GET request for "http://localhost:8888/user-service/default": Connection refused. Will be trying the next url if available
2026-09-06T15:51:58.166+02:00  WARN 11457 --- [user-service] [main] o.s.c.c.c.ConfigServerConfigDataLoader   : Could not locate PropertySource ([ConfigServerConfigDataResource@5d05ef57 uris = array<String>['http://localhost:8888'], optional = true, profiles = 'default']): I/O error on GET request for "http://localhost:8888/user-service/default": Connection refused
2026-09-06T15:51:58.166+02:00  INFO 11457 --- [user-service] [main] o.s.c.c.c.ConfigServerConfigDataLoader   : Fetching config from server at : http://localhost:8888
2026-09-06T15:51:58.167+02:00  INFO 11457 --- [user-service] [main] o.s.c.c.c.ConfigServerConfigDataLoader   : Exception on Url - http://localhost:8888:org.springframework.web.client.ResourceAccessException: I/O error on GET request for "http://localhost:8888/user-service/default": Connection refused. Will be trying the next url if available
2026-09-06T15:51:58.167+02:00  WARN 11457 --- [user-service] [main] o.s.c.c.c.ConfigServerConfigDataLoader   : Could not locate PropertySource ([ConfigServerConfigDataResource@781a9412 uris = array<String>['http://localhost:8888'], optional = true, profiles = 'default']): I/O error on GET request for "http://localhost:8888/user-service/default": Connection refused
2026-09-06T15:51:58.167+02:00  INFO 11457 --- [user-service] [main] o.s.c.c.c.ConfigServerConfigDataLoader   : Fetching config from server at : http://localhost:8888
2026-09-06T15:51:58.167+02:00  INFO 11457 --- [user-service] [main] o.s.c.c.c.ConfigServerConfigDataLoader   : Exception on Url - http://localhost:8888:org.springframework.web.client.ResourceAccessException: I/O error on GET request for "http://localhost:8888/user-service/default": Connection refused. Will be trying the next url if available
2026-09-06T15:51:58.167+02:00  WARN 11457 --- [user-service] [main] o.s.c.c.c.ConfigServerConfigDataLoader   : Could not locate PropertySource ([ConfigServerConfigDataResource@5a4c638d uris = array<String>['http://localhost:8888'], optional = true, profiles = 'default']): I/O error on GET request for "http://localhost:8888/user-service/default": Connection refused
2026-09-06T15:51:59.358+02:00  INFO 11457 --- [user-service] [main] .s.d.r.c.RepositoryConfigurationDelegate : Bootstrapping Spring Data JPA repositories in DEFAULT mode.
2026-09-06T15:51:59.561+02:00  INFO 11457 --- [user-service] [main] .s.d.r.c.RepositoryConfigurationDelegate : Finished Spring Data repository scanning in 189 ms. Found 1 JPA repository interface.
2026-09-06T15:51:59.939+02:00  INFO 11457 --- [user-service] [main] faultConfiguringBeanFactoryPostProcessor : No bean named 'errorChannel' has been explicitly defined. Therefore, a default PublishSubscribeChannel will be created.
2026-09-06T15:51:59.958+02:00  INFO 11457 --- [user-service] [main] faultConfiguringBeanFactoryPostProcessor : No bean named 'integrationHeaderChannelRegistry' has been explicitly defined. Therefore, a default DefaultHeaderChannelRegistry will be created.
2026-09-06T15:52:00.027+02:00  INFO 11457 --- [user-service] [main] o.s.cloud.context.scope.GenericScope     : BeanFactory id=a9186863-9fb6-3fd1-a872-0e38ac9691a0
2026-09-06T15:52:00.513+02:00  INFO 11457 --- [user-service] [main] o.s.boot.tomcat.TomcatWebServer          : Tomcat initialized with port 8080 (http)
2026-09-06T15:52:00.531+02:00  INFO 11457 --- [user-service] [main] o.apache.catalina.core.StandardService   : Starting service [Tomcat]
2026-09-06T15:52:00.531+02:00  INFO 11457 --- [user-service] [main] o.apache.catalina.core.StandardEngine    : Starting Servlet engine: [Apache Tomcat/11.0.22]
2026-09-06T15:52:00.586+02:00  INFO 11457 --- [user-service] [main] b.w.c.s.WebApplicationContextInitializer : Root WebApplicationContext: initialization completed in 2417 ms
2026-09-06T15:52:00.857+02:00  WARN 11457 --- [user-service] [main] ConfigServletWebServerApplicationContext : Exception encountered during context initialization - cancelling refresh attempt: org.springframework.beans.factory.BeanCreationException: Error creating bean with name 'entityManagerFactory' defined in class path resource [org/springframework/boot/hibernate/autoconfigure/HibernateJpaConfiguration.class]: Failed to initialize dependency 'dataSourceScriptDatabaseInitializer' of LoadTimeWeaverAware bean 'entityManagerFactory': Error creating bean with name 'dataSourceScriptDatabaseInitializer' defined in class path resource [org/springframework/boot/jdbc/autoconfigure/DataSourceInitializationAutoConfiguration.class]: Unsatisfied dependency expressed through method 'dataSourceScriptDatabaseInitializer' parameter 0: Error creating bean with name 'dataSource' defined in class path resource [org/springframework/boot/jdbc/autoconfigure/DataSourceConfiguration$Hikari.class]: Failed to instantiate [com.zaxxer.hikari.HikariDataSource]: Factory method 'dataSource' threw exception with message: Failed to determine a suitable driver class
2026-09-06T15:52:00.861+02:00  INFO 11457 --- [user-service] [main] o.apache.catalina.core.StandardService   : Stopping service [Tomcat]
2026-09-06T15:52:00.923+02:00  INFO 11457 --- [user-service] [main] .s.b.a.l.ConditionEvaluationReportLogger : 

Error starting ApplicationContext. To display the condition evaluation report re-run your application with 'debug' enabled.
2026-09-06T15:52:00.939+02:00 ERROR 11457 --- [user-service] [main] o.s.b.d.LoggingFailureAnalysisReporter   : 

***************************
APPLICATION FAILED TO START
***************************

Description:

Failed to configure a DataSource: 'url' attribute is not specified and no embedded datasource could be configured.

Reason: Failed to determine a suitable driver class


Action:

Consider the following:
	If you want an embedded database (H2, HSQL or Derby), please put it on the classpath.
	If you have database settings to be loaded from a particular profile you may need to activate it (no profiles are currently active).

2026-09-06T16:00:29.500+02:00  INFO 12046 --- [user-service] [main] com.ecommerce.user.UserApplication       : Starting UserApplication using Java 21.0.10 with PID 12046 (/Users/limon/Documents/SehrishWrokspace/eCommerceMicroservice/ecom-microservices/user/user/target/classes started by limon in /Users/limon/Documents/SehrishWrokspace/eCommerceMicroservice/ecom-microservices)
2026-09-06T16:00:29.504+02:00  INFO 12046 --- [user-service] [main] com.ecommerce.user.UserApplication       : No active profile set, falling back to 1 default profile: "default"
2026-09-06T16:00:29.562+02:00  INFO 12046 --- [user-service] [main] o.s.c.c.c.ConfigServerConfigDataLoader   : Fetching config from server at : http://localhost:8888
2026-09-06T16:00:29.562+02:00  INFO 12046 --- [user-service] [main] o.s.c.c.c.ConfigServerConfigDataLoader   : Located environment: name=user-service, profiles=[default], label=null, version=null, state=null
2026-09-06T16:00:30.874+02:00  INFO 12046 --- [user-service] [main] .s.d.r.c.RepositoryConfigurationDelegate : Bootstrapping Spring Data JPA repositories in DEFAULT mode.
2026-09-06T16:00:31.144+02:00  INFO 12046 --- [user-service] [main] .s.d.r.c.RepositoryConfigurationDelegate : Finished Spring Data repository scanning in 257 ms. Found 1 JPA repository interface.
2026-09-06T16:00:31.502+02:00  INFO 12046 --- [user-service] [main] faultConfiguringBeanFactoryPostProcessor : No bean named 'errorChannel' has been explicitly defined. Therefore, a default PublishSubscribeChannel will be created.
2026-09-06T16:00:31.516+02:00  INFO 12046 --- [user-service] [main] faultConfiguringBeanFactoryPostProcessor : No bean named 'integrationHeaderChannelRegistry' has been explicitly defined. Therefore, a default DefaultHeaderChannelRegistry will be created.
2026-09-06T16:00:31.582+02:00  INFO 12046 --- [user-service] [main] o.s.cloud.context.scope.GenericScope     : BeanFactory id=64650117-d9d4-3beb-956c-0e4bb8f2c929
2026-09-06T16:00:32.140+02:00  INFO 12046 --- [user-service] [main] o.s.boot.tomcat.TomcatWebServer          : Tomcat initialized with port 8082 (http)
2026-09-06T16:00:32.155+02:00  INFO 12046 --- [user-service] [main] o.apache.catalina.core.StandardService   : Starting service [Tomcat]
2026-09-06T16:00:32.156+02:00  INFO 12046 --- [user-service] [main] o.apache.catalina.core.StandardEngine    : Starting Servlet engine: [Apache Tomcat/11.0.22]
2026-09-06T16:00:32.217+02:00  INFO 12046 --- [user-service] [main] b.w.c.s.WebApplicationContextInitializer : Root WebApplicationContext: initialization completed in 2650 ms
2026-09-06T16:00:32.616+02:00  INFO 12046 --- [user-service] [main] org.hibernate.orm.jpa                    : HHH008540: Processing PersistenceUnitInfo [name: default]
2026-09-06T16:00:32.689+02:00  INFO 12046 --- [user-service] [main] org.hibernate.orm.core                   : HHH000001: Hibernate ORM core version 7.2.19.Final
2026-09-06T16:00:33.169+02:00  INFO 12046 --- [user-service] [main] o.s.o.j.p.SpringPersistenceUnitInfo      : No LoadTimeWeaver setup: ignoring JPA class transformer
2026-09-06T16:00:33.202+02:00  INFO 12046 --- [user-service] [main] com.zaxxer.hikari.HikariDataSource       : HikariPool-1 - Starting...
2026-09-06T16:00:33.392+02:00  INFO 12046 --- [user-service] [main] com.zaxxer.hikari.pool.HikariPool        : HikariPool-1 - Added connection org.postgresql.jdbc.PgConnection@d60aa4
2026-09-06T16:00:33.393+02:00  INFO 12046 --- [user-service] [main] com.zaxxer.hikari.HikariDataSource       : HikariPool-1 - Start completed.
2026-09-06T16:00:33.433+02:00  WARN 12046 --- [user-service] [main] org.hibernate.orm.deprecation            : HHH90000025: PostgreSQLDialect does not need to be specified explicitly using 'hibernate.dialect' (remove the property setting and it will be selected by default)
2026-09-06T16:00:33.462+02:00  INFO 12046 --- [user-service] [main] org.hibernate.orm.connections.pooling    : HHH10001005: Database info:
	Database JDBC URL [jdbc:postgresql://localhost:5432/ecommerce]
	Database driver: PostgreSQL JDBC Driver
	Database dialect: PostgreSQLDialect
	Database version: 17.11
	Default catalog/schema: ecommerce/public
	Autocommit mode: undefined/unknown
	Isolation level: READ_COMMITTED [default READ_COMMITTED]
	JDBC fetch size: none
	Pool: DataSourceConnectionProvider
	Minimum pool size: undefined/unknown
	Maximum pool size: undefined/unknown
2026-09-06T16:00:34.610+02:00  INFO 12046 --- [user-service] [main] org.hibernate.orm.core                   : HHH000489: No JTA platform available (set 'hibernate.transaction.jta.platform' to enable JTA platform integration)
2026-09-06T16:00:34.699+02:00  INFO 12046 --- [user-service] [main] j.LocalContainerEntityManagerFactoryBean : Initialized JPA EntityManagerFactory for persistence unit 'default'
2026-09-06T16:00:34.806+02:00  INFO 12046 --- [user-service] [main] o.s.d.j.r.query.QueryEnhancerFactories   : Hibernate is in classpath; If applicable, HQL parser will be used.
2026-09-06T16:00:35.084+02:00  WARN 12046 --- [user-service] [main] JpaBaseConfiguration$JpaWebConfiguration : spring.jpa.open-in-view is enabled by default. Therefore, database queries may be performed during view rendering. Explicitly configure spring.jpa.open-in-view to disable this warning
2026-09-06T16:00:35.593+02:00  INFO 12046 --- [user-service] [main] o.s.c.s.m.DirectWithAttributesChannel    : Channel 'user-service.springCloudBusInput' has 1 subscriber(s).
2026-09-06T16:00:36.343+02:00  INFO 12046 --- [user-service] [main] DiscoveryClientOptionalArgsConfiguration : Eureka HTTP Client uses RestClient.
2026-09-06T16:00:36.402+02:00  WARN 12046 --- [user-service] [main] iguration$LoadBalancerCaffeineWarnLogger : Spring Cloud LoadBalancer is currently working with the default cache. While this cache implementation is useful for development and tests, it's recommended to use Caffeine cache in production.You can switch to using Caffeine cache, by adding it and org.springframework.cache.caffeine.CaffeineCacheManager to the classpath.
2026-09-06T16:00:36.410+02:00  INFO 12046 --- [user-service] [main] o.s.b.a.e.web.EndpointLinksResolver      : Exposing 24 endpoints beneath base path '/actuator'
2026-09-06T16:00:36.533+02:00  INFO 12046 --- [user-service] [main] o.s.i.endpoint.EventDrivenConsumer       : Adding {logging-channel-adapter:_org.springframework.integration.errorLogger} as a subscriber to the 'errorChannel' channel
2026-09-06T16:00:36.533+02:00  INFO 12046 --- [user-service] [main] o.s.i.channel.PublishSubscribeChannel    : Channel 'user-service.errorChannel' has 1 subscriber(s).
2026-09-06T16:00:36.533+02:00  INFO 12046 --- [user-service] [main] o.s.i.endpoint.EventDrivenConsumer       : started bean '_org.springframework.integration.errorLogger'
2026-09-06T16:00:36.572+02:00  INFO 12046 --- [user-service] [main] o.s.c.n.eureka.InstanceInfoFactory       : Setting initial instance status as: STARTING
2026-09-06T16:00:36.606+02:00  INFO 12046 --- [user-service] [main] com.netflix.discovery.DiscoveryClient    : Initializing Eureka in region us-east-1
2026-09-06T16:00:36.609+02:00  INFO 12046 --- [user-service] [main] c.n.d.s.r.aws.ConfigClusterResolver      : Resolving eureka endpoints via configuration
2026-09-06T16:00:36.617+02:00  INFO 12046 --- [user-service] [main] com.netflix.discovery.DiscoveryClient    : Disable delta property : false
2026-09-06T16:00:36.617+02:00  INFO 12046 --- [user-service] [main] com.netflix.discovery.DiscoveryClient    : Single vip registry refresh property : null
2026-09-06T16:00:36.618+02:00  INFO 12046 --- [user-service] [main] com.netflix.discovery.DiscoveryClient    : Force full registry fetch : false
2026-09-06T16:00:36.618+02:00  INFO 12046 --- [user-service] [main] com.netflix.discovery.DiscoveryClient    : Application is null : false
2026-09-06T16:00:36.618+02:00  INFO 12046 --- [user-service] [main] com.netflix.discovery.DiscoveryClient    : Registered Applications size is zero : true
2026-09-06T16:00:36.618+02:00  INFO 12046 --- [user-service] [main] com.netflix.discovery.DiscoveryClient    : Application version is -1: true
2026-09-06T16:00:36.618+02:00  INFO 12046 --- [user-service] [main] com.netflix.discovery.DiscoveryClient    : Getting all instance registry info from the eureka server
2026-09-06T16:00:36.963+02:00  INFO 12046 --- [user-service] [main] com.netflix.discovery.DiscoveryClient    : The response status is 200
2026-09-06T16:00:36.965+02:00  INFO 12046 --- [user-service] [main] com.netflix.discovery.DiscoveryClient    : Starting heartbeat executor: renew interval is: 30
2026-09-06T16:00:36.967+02:00  INFO 12046 --- [user-service] [main] c.n.discovery.InstanceInfoReplicator     : InstanceInfoReplicator onDemand update allowed rate per min is 4
2026-09-06T16:00:36.968+02:00  INFO 12046 --- [user-service] [main] com.netflix.discovery.DiscoveryClient    : Discovery Client initialized at timestamp 1788703236968 with initial instances count: 0
2026-09-06T16:00:36.972+02:00  INFO 12046 --- [user-service] [main] o.s.c.n.e.s.EurekaServiceRegistry        : Registering application USER-SERVICE with eureka with status UP
2026-09-06T16:00:36.973+02:00  INFO 12046 --- [user-service] [main] com.netflix.discovery.DiscoveryClient    : Saw local status change event StatusChangeEvent [timestamp=1788703236973, current=UP, previous=STARTING]
2026-09-06T16:00:36.974+02:00  INFO 12046 --- [user-service] [DiscoveryClient-InstanceInfoReplicator-%d] com.netflix.discovery.DiscoveryClient    : DiscoveryClient_USER-SERVICE/macbookpro:user-service:8082: registering service...
2026-09-06T16:00:36.975+02:00  INFO 12046 --- [user-service] [main] o.s.c.s.binder.DefaultBinderFactory      : Creating binder: rabbit
2026-09-06T16:00:36.976+02:00  INFO 12046 --- [user-service] [main] o.s.c.s.binder.DefaultBinderFactory      : Constructing binder child context for rabbit
2026-09-06T16:00:37.018+02:00  INFO 12046 --- [user-service] [DiscoveryClient-InstanceInfoReplicator-%d] com.netflix.discovery.DiscoveryClient    : DiscoveryClient_USER-SERVICE/macbookpro:user-service:8082 - registration status: 204
2026-09-06T16:00:37.066+02:00  INFO 12046 --- [user-service] [main] o.s.c.s.binder.DefaultBinderFactory      : Caching the binder: rabbit
2026-09-06T16:00:37.078+02:00  INFO 12046 --- [user-service] [main] c.s.b.r.p.RabbitExchangeQueueProvisioner : declaring queue for inbound: springCloudBus.anonymous.xrS7ykZ3SeqOf_nfaidGuQ, bound to: springCloudBus
2026-09-06T16:00:37.085+02:00  INFO 12046 --- [user-service] [main] o.s.a.r.c.CachingConnectionFactory       : Attempting to connect to: [localhost:5672]
2026-09-06T16:00:37.166+02:00  INFO 12046 --- [user-service] [main] o.s.a.r.c.CachingConnectionFactory       : Created new connection: rabbitConnectionFactory#11581810:0/SimpleConnection@456b4892 [delegate=amqp://rabbit@127.0.0.1:5672/, localPort=53061]
2026-09-06T16:00:37.250+02:00  INFO 12046 --- [user-service] [main] o.s.c.stream.binder.BinderErrorChannel   : Channel 'rabbit-1921262185.springCloudBusInput.errors' has 1 subscriber(s).
2026-09-06T16:00:37.252+02:00  INFO 12046 --- [user-service] [main] o.s.c.stream.binder.BinderErrorChannel   : Channel 'rabbit-1921262185.springCloudBusInput.errors' has 2 subscriber(s).
2026-09-06T16:00:37.285+02:00  INFO 12046 --- [user-service] [main] o.s.i.a.i.AmqpInboundChannelAdapter      : started bean 'inbound.springCloudBus.anonymous.xrS7ykZ3SeqOf_nfaidGuQ'
2026-09-06T16:00:37.302+02:00  INFO 12046 --- [user-service] [main] o.s.boot.tomcat.TomcatWebServer          : Tomcat started on port 8082 (http) with context path '/'
2026-09-06T16:00:37.303+02:00  INFO 12046 --- [user-service] [main] .s.c.n.e.s.EurekaAutoServiceRegistration : Updating port to 8082
2026-09-06T16:00:37.360+02:00  INFO 12046 --- [user-service] [main] com.ecommerce.user.UserApplication       : Started UserApplication in 9.142 seconds (process running for 10.323)
2026-09-06T16:01:04.867+02:00  INFO 12046 --- [user-service] [SpringApplicationShutdownHook] o.s.c.n.e.s.EurekaServiceRegistry        : Unregistering application USER-SERVICE with eureka with status DOWN
2026-09-06T16:01:04.868+02:00  INFO 12046 --- [user-service] [SpringApplicationShutdownHook] com.netflix.discovery.DiscoveryClient    : Saw local status change event StatusChangeEvent [timestamp=1788703264868, current=DOWN, previous=UP]
2026-09-06T16:01:04.870+02:00  INFO 12046 --- [user-service] [DiscoveryClient-InstanceInfoReplicator-%d] com.netflix.discovery.DiscoveryClient    : DiscoveryClient_USER-SERVICE/macbookpro:user-service:8082: registering service...
2026-09-06T16:01:04.877+02:00  INFO 12046 --- [user-service] [SpringApplicationShutdownHook] o.s.boot.tomcat.GracefulShutdown         : Commencing graceful shutdown. Waiting for active requests to complete
2026-09-06T16:01:04.881+02:00  INFO 12046 --- [user-service] [DiscoveryClient-InstanceInfoReplicator-%d] com.netflix.discovery.DiscoveryClient    : DiscoveryClient_USER-SERVICE/macbookpro:user-service:8082 - registration status: 204
2026-09-06T16:01:06.885+02:00  INFO 12046 --- [user-service] [tomcat-shutdown] o.s.boot.tomcat.GracefulShutdown         : Graceful shutdown complete
2026-09-06T16:01:06.901+02:00  INFO 12046 --- [user-service] [SpringApplicationShutdownHook] o.s.a.r.l.SimpleMessageListenerContainer : Waiting for workers to finish.
2026-09-06T16:01:06.969+02:00  INFO 12046 --- [user-service] [DiscoveryClient-CacheRefreshExecutor-%d] com.netflix.discovery.DiscoveryClient    : Disable delta property : false
2026-09-06T16:01:06.969+02:00  INFO 12046 --- [user-service] [DiscoveryClient-CacheRefreshExecutor-%d] com.netflix.discovery.DiscoveryClient    : Single vip registry refresh property : null
2026-09-06T16:01:06.969+02:00  INFO 12046 --- [user-service] [DiscoveryClient-CacheRefreshExecutor-%d] com.netflix.discovery.DiscoveryClient    : Force full registry fetch : false
2026-09-06T16:01:06.969+02:00  INFO 12046 --- [user-service] [DiscoveryClient-CacheRefreshExecutor-%d] com.netflix.discovery.DiscoveryClient    : Application is null : false
2026-09-06T16:01:06.969+02:00  INFO 12046 --- [user-service] [DiscoveryClient-CacheRefreshExecutor-%d] com.netflix.discovery.DiscoveryClient    : Registered Applications size is zero : true
2026-09-06T16:01:06.969+02:00  INFO 12046 --- [user-service] [DiscoveryClient-CacheRefreshExecutor-%d] com.netflix.discovery.DiscoveryClient    : Application version is -1: false
2026-09-06T16:01:06.969+02:00  INFO 12046 --- [user-service] [DiscoveryClient-CacheRefreshExecutor-%d] com.netflix.discovery.DiscoveryClient    : Getting all instance registry info from the eureka server
2026-09-06T16:01:06.975+02:00  INFO 12046 --- [user-service] [DiscoveryClient-HeartbeatExecutor-%d] c.n.d.s.t.d.RedirectingEurekaHttpClient  : Request execution error. endpoint=DefaultEndpoint{ serviceUrl='http://localhost:8761/eureka/} exception=I/O error on PUT request for "http://localhost:8761/eureka/apps/USER-SERVICE/macbookpro:user-service:8082": Connect to http://localhost:8761 failed: Connection refused

org.springframework.web.client.ResourceAccessException: I/O error on PUT request for "http://localhost:8761/eureka/apps/USER-SERVICE/macbookpro:user-service:8082": Connect to http://localhost:8761 failed: Connection refused
	at org.springframework.web.client.DefaultRestClient$DefaultRequestBodyUriSpec.createResourceAccessException(DefaultRestClient.java:779) ~[spring-web-7.0.8.jar:7.0.8]
	at org.springframework.web.client.DefaultRestClient$DefaultRequestBodyUriSpec.exchangeInternal(DefaultRestClient.java:624) ~[spring-web-7.0.8.jar:7.0.8]
	at org.springframework.web.client.DefaultRestClient$DefaultRequestBodyUriSpec.exchange(DefaultRestClient.java:572) ~[spring-web-7.0.8.jar:7.0.8]
	at org.springframework.web.client.RestClient$RequestHeadersSpec.exchange(RestClient.java:747) ~[spring-web-7.0.8.jar:7.0.8]
	at org.springframework.web.client.DefaultRestClient$DefaultResponseSpec.executeAndExtract(DefaultRestClient.java:924) ~[spring-web-7.0.8.jar:7.0.8]
	at org.springframework.web.client.DefaultRestClient$DefaultResponseSpec.toEntityInternal(DefaultRestClient.java:870) ~[spring-web-7.0.8.jar:7.0.8]
	at org.springframework.web.client.DefaultRestClient$DefaultResponseSpec.toEntity(DefaultRestClient.java:859) ~[spring-web-7.0.8.jar:7.0.8]
	at org.springframework.cloud.netflix.eureka.http.RestClientEurekaHttpClient.sendHeartBeat(RestClientEurekaHttpClient.java:91) ~[spring-cloud-netflix-eureka-client-5.0.2.jar:5.0.2]
	at com.netflix.discovery.shared.transport.decorator.EurekaHttpClientDecorator$3.execute(EurekaHttpClientDecorator.java:92) ~[eureka-client-2.0.6.jar:2.0.6]
	at com.netflix.discovery.shared.transport.decorator.RedirectingEurekaHttpClient.execute(RedirectingEurekaHttpClient.java:90) ~[eureka-client-2.0.6.jar:2.0.6]
	at com.netflix.discovery.shared.transport.decorator.EurekaHttpClientDecorator.sendHeartBeat(EurekaHttpClientDecorator.java:89) ~[eureka-client-2.0.6.jar:2.0.6]
	at com.netflix.discovery.shared.transport.decorator.EurekaHttpClientDecorator$3.execute(EurekaHttpClientDecorator.java:92) ~[eureka-client-2.0.6.jar:2.0.6]
	at com.netflix.discovery.shared.transport.decorator.RetryableEurekaHttpClient.execute(RetryableEurekaHttpClient.java:120) ~[eureka-client-2.0.6.jar:2.0.6]
	at com.netflix.discovery.shared.transport.decorator.EurekaHttpClientDecorator.sendHeartBeat(EurekaHttpClientDecorator.java:89) ~[eureka-client-2.0.6.jar:2.0.6]
	at com.netflix.discovery.shared.transport.decorator.EurekaHttpClientDecorator$3.execute(EurekaHttpClientDecorator.java:92) ~[eureka-client-2.0.6.jar:2.0.6]
	at com.netflix.discovery.shared.transport.decorator.SessionedEurekaHttpClient.execute(SessionedEurekaHttpClient.java:76) ~[eureka-client-2.0.6.jar:2.0.6]
	at com.netflix.discovery.shared.transport.decorator.EurekaHttpClientDecorator.sendHeartBeat(EurekaHttpClientDecorator.java:89) ~[eureka-client-2.0.6.jar:2.0.6]
	at com.netflix.discovery.DiscoveryClient.renew(DiscoveryClient.java:860) ~[eureka-client-2.0.6.jar:2.0.6]
	at com.netflix.discovery.DiscoveryClient$HeartbeatThread.run(DiscoveryClient.java:1418) ~[eureka-client-2.0.6.jar:2.0.6]
	at java.base/java.util.concurrent.Executors$RunnableAdapter.call(Executors.java:572) ~[na:na]
	at java.base/java.util.concurrent.FutureTask.run(FutureTask.java:317) ~[na:na]
	at java.base/java.util.concurrent.ThreadPoolExecutor.runWorker(ThreadPoolExecutor.java:1144) ~[na:na]
	at java.base/java.util.concurrent.ThreadPoolExecutor$Worker.run(ThreadPoolExecutor.java:642) ~[na:na]
	at java.base/java.lang.Thread.run(Thread.java:1583) ~[na:na]
Caused by: org.apache.hc.client5.http.HttpHostConnectException: Connect to http://localhost:8761 failed: Connection refused
	at java.base/sun.nio.ch.Net.pollConnect(Native Method) ~[na:na]
	at java.base/sun.nio.ch.Net.pollConnectNow(Net.java:694) ~[na:na]
	at java.base/sun.nio.ch.NioSocketImpl.timedFinishConnect(NioSocketImpl.java:549) ~[na:na]
	at java.base/sun.nio.ch.NioSocketImpl.connect(NioSocketImpl.java:592) ~[na:na]
	at java.base/java.net.SocksSocketImpl.connect(SocksSocketImpl.java:327) ~[na:na]
	at java.base/java.net.Socket.connect(Socket.java:751) ~[na:na]
	at org.apache.hc.client5.http.impl.io.DefaultHttpClientConnectionOperator.connect(DefaultHttpClientConnectionOperator.java:226) ~[httpclient5-5.5.2.jar:5.5.2]
	at org.apache.hc.client5.http.impl.io.PoolingHttpClientConnectionManager.connect(PoolingHttpClientConnectionManager.java:497) ~[httpclient5-5.5.2.jar:5.5.2]
	at org.apache.hc.client5.http.impl.classic.InternalExecRuntime.connectEndpoint(InternalExecRuntime.java:164) ~[httpclient5-5.5.2.jar:5.5.2]
	at org.apache.hc.client5.http.impl.classic.InternalExecRuntime.connectEndpoint(InternalExecRuntime.java:174) ~[httpclient5-5.5.2.jar:5.5.2]
	at org.apache.hc.client5.http.impl.classic.ConnectExec.execute(ConnectExec.java:144) ~[httpclient5-5.5.2.jar:5.5.2]
	at org.apache.hc.client5.http.impl.classic.ExecChainElement.execute(ExecChainElement.java:51) ~[httpclient5-5.5.2.jar:5.5.2]
	at org.apache.hc.client5.http.impl.classic.ProtocolExec.execute(ProtocolExec.java:195) ~[httpclient5-5.5.2.jar:5.5.2]
	at org.apache.hc.client5.http.impl.classic.ExecChainElement.execute(ExecChainElement.java:51) ~[httpclient5-5.5.2.jar:5.5.2]
	at org.apache.hc.client5.http.impl.classic.ContentCompressionExec.execute(ContentCompressionExec.java:168) ~[httpclient5-5.5.2.jar:5.5.2]
	at org.apache.hc.client5.http.impl.classic.ExecChainElement.execute(ExecChainElement.java:51) ~[httpclient5-5.5.2.jar:5.5.2]
	at org.apache.hc.client5.http.impl.classic.HttpRequestRetryExec.execute(HttpRequestRetryExec.java:112) ~[httpclient5-5.5.2.jar:5.5.2]
	at org.apache.hc.client5.http.impl.classic.ExecChainElement.execute(ExecChainElement.java:51) ~[httpclient5-5.5.2.jar:5.5.2]
	at org.apache.hc.client5.http.impl.classic.RedirectExec.execute(RedirectExec.java:110) ~[httpclient5-5.5.2.jar:5.5.2]
	at org.apache.hc.client5.http.impl.classic.ExecChainElement.execute(ExecChainElement.java:51) ~[httpclient5-5.5.2.jar:5.5.2]
	at org.apache.hc.client5.http.impl.classic.InternalHttpClient.doExecute(InternalHttpClient.java:185) ~[httpclient5-5.5.2.jar:5.5.2]
	at org.apache.hc.client5.http.impl.classic.CloseableHttpClient.execute(CloseableHttpClient.java:87) ~[httpclient5-5.5.2.jar:5.5.2]
	at org.apache.hc.client5.http.impl.classic.CloseableHttpClient.execute(CloseableHttpClient.java:55) ~[httpclient5-5.5.2.jar:5.5.2]
	at org.apache.hc.client5.http.classic.HttpClient.executeOpen(HttpClient.java:183) ~[httpclient5-5.5.2.jar:5.5.2]
	at org.springframework.http.client.HttpComponentsClientHttpRequest.executeInternal(HttpComponentsClientHttpRequest.java:99) ~[spring-web-7.0.8.jar:7.0.8]
	at org.springframework.http.client.AbstractStreamingClientHttpRequest.executeInternal(AbstractStreamingClientHttpRequest.java:87) ~[spring-web-7.0.8.jar:7.0.8]
	at org.springframework.http.client.AbstractClientHttpRequest.execute(AbstractClientHttpRequest.java:80) ~[spring-web-7.0.8.jar:7.0.8]
	at org.springframework.http.client.AbstractBufferingClientHttpRequest.executeWithRequestAndBody(AbstractBufferingClientHttpRequest.java:89) ~[spring-web-7.0.8.jar:7.0.8]
	at org.springframework.http.client.InterceptingClientHttpRequest$EndOfChainRequestExecution.execute(InterceptingClientHttpRequest.java:102) ~[spring-web-7.0.8.jar:7.0.8]
	at org.springframework.cloud.netflix.eureka.http.RestClientTransportClientFactory.lambda$newClient$2(RestClientTransportClientFactory.java:98) ~[spring-cloud-netflix-eureka-client-5.0.2.jar:5.0.2]
	at org.springframework.http.client.ClientHttpRequestInterceptor.lambda$apply$0(ClientHttpRequestInterceptor.java:89) ~[spring-web-7.0.8.jar:7.0.8]
	at org.springframework.http.client.InterceptingClientHttpRequest.executeInternal(InterceptingClientHttpRequest.java:73) ~[spring-web-7.0.8.jar:7.0.8]
	at org.springframework.http.client.AbstractBufferingClientHttpRequest.executeInternal(AbstractBufferingClientHttpRequest.java:50) ~[spring-web-7.0.8.jar:7.0.8]
	at org.springframework.http.client.AbstractClientHttpRequest.execute(AbstractClientHttpRequest.java:80) ~[spring-web-7.0.8.jar:7.0.8]
	at org.springframework.web.client.DefaultRestClient$DefaultRequestBodyUriSpec.exchangeInternal(DefaultRestClient.java:614) ~[spring-web-7.0.8.jar:7.0.8]
	... 22 common frames omitted

2026-09-06T16:01:06.975+02:00  INFO 12046 --- [user-service] [DiscoveryClient-CacheRefreshExecutor-%d] c.n.d.s.t.d.RedirectingEurekaHttpClient  : Request execution error. endpoint=DefaultEndpoint{ serviceUrl='http://localhost:8761/eureka/} exception=I/O error on GET request for "http://localhost:8761/eureka/apps/": Connect to http://localhost:8761 failed: Connection refused

org.springframework.web.client.ResourceAccessException: I/O error on GET request for "http://localhost:8761/eureka/apps/": Connect to http://localhost:8761 failed: Connection refused
	at org.springframework.web.client.DefaultRestClient$DefaultRequestBodyUriSpec.createResourceAccessException(DefaultRestClient.java:779) ~[spring-web-7.0.8.jar:7.0.8]
	at org.springframework.web.client.DefaultRestClient$DefaultRequestBodyUriSpec.exchangeInternal(DefaultRestClient.java:624) ~[spring-web-7.0.8.jar:7.0.8]
	at org.springframework.web.client.DefaultRestClient$DefaultRequestBodyUriSpec.exchange(DefaultRestClient.java:572) ~[spring-web-7.0.8.jar:7.0.8]
	at org.springframework.web.client.RestClient$RequestHeadersSpec.exchange(RestClient.java:747) ~[spring-web-7.0.8.jar:7.0.8]
	at org.springframework.web.client.DefaultRestClient$DefaultResponseSpec.executeAndExtract(DefaultRestClient.java:924) ~[spring-web-7.0.8.jar:7.0.8]
	at org.springframework.web.client.DefaultRestClient$DefaultResponseSpec.toEntityInternal(DefaultRestClient.java:870) ~[spring-web-7.0.8.jar:7.0.8]
	at org.springframework.web.client.DefaultRestClient$DefaultResponseSpec.toEntity(DefaultRestClient.java:859) ~[spring-web-7.0.8.jar:7.0.8]
	at org.springframework.cloud.netflix.eureka.http.RestClientEurekaHttpClient.getApplicationsInternal(RestClientEurekaHttpClient.java:201) ~[spring-cloud-netflix-eureka-client-5.0.2.jar:5.0.2]
	at org.springframework.cloud.netflix.eureka.http.RestClientEurekaHttpClient.getApplications(RestClientEurekaHttpClient.java:137) ~[spring-cloud-netflix-eureka-client-5.0.2.jar:5.0.2]
	at com.netflix.discovery.shared.transport.decorator.EurekaHttpClientDecorator$6.execute(EurekaHttpClientDecorator.java:137) ~[eureka-client-2.0.6.jar:2.0.6]
	at com.netflix.discovery.shared.transport.decorator.RedirectingEurekaHttpClient.execute(RedirectingEurekaHttpClient.java:90) ~[eureka-client-2.0.6.jar:2.0.6]
	at com.netflix.discovery.shared.transport.decorator.EurekaHttpClientDecorator.getApplications(EurekaHttpClientDecorator.java:134) ~[eureka-client-2.0.6.jar:2.0.6]
	at com.netflix.discovery.shared.transport.decorator.EurekaHttpClientDecorator$6.execute(EurekaHttpClientDecorator.java:137) ~[eureka-client-2.0.6.jar:2.0.6]
	at com.netflix.discovery.shared.transport.decorator.RetryableEurekaHttpClient.execute(RetryableEurekaHttpClient.java:120) ~[eureka-client-2.0.6.jar:2.0.6]
	at com.netflix.discovery.shared.transport.decorator.EurekaHttpClientDecorator.getApplications(EurekaHttpClientDecorator.java:134) ~[eureka-client-2.0.6.jar:2.0.6]
	at com.netflix.discovery.shared.transport.decorator.EurekaHttpClientDecorator$6.execute(EurekaHttpClientDecorator.java:137) ~[eureka-client-2.0.6.jar:2.0.6]
	at com.netflix.discovery.shared.transport.decorator.SessionedEurekaHttpClient.execute(SessionedEurekaHttpClient.java:76) ~[eureka-client-2.0.6.jar:2.0.6]
	at com.netflix.discovery.shared.transport.decorator.EurekaHttpClientDecorator.getApplications(EurekaHttpClientDecorator.java:134) ~[eureka-client-2.0.6.jar:2.0.6]
	at com.netflix.discovery.DiscoveryClient.getAndStoreFullRegistry(DiscoveryClient.java:1061) ~[eureka-client-2.0.6.jar:2.0.6]
	at com.netflix.discovery.DiscoveryClient.fetchRegistry(DiscoveryClient.java:976) ~[eureka-client-2.0.6.jar:2.0.6]
	at com.netflix.discovery.DiscoveryClient.refreshRegistry(DiscoveryClient.java:1489) ~[eureka-client-2.0.6.jar:2.0.6]
	at com.netflix.discovery.DiscoveryClient$CacheRefreshThread.run(DiscoveryClient.java:1457) ~[eureka-client-2.0.6.jar:2.0.6]
	at java.base/java.util.concurrent.Executors$RunnableAdapter.call(Executors.java:572) ~[na:na]
	at java.base/java.util.concurrent.FutureTask.run(FutureTask.java:317) ~[na:na]
	at java.base/java.util.concurrent.ThreadPoolExecutor.runWorker(ThreadPoolExecutor.java:1144) ~[na:na]
	at java.base/java.util.concurrent.ThreadPoolExecutor$Worker.run(ThreadPoolExecutor.java:642) ~[na:na]
	at java.base/java.lang.Thread.run(Thread.java:1583) ~[na:na]
Caused by: org.apache.hc.client5.http.HttpHostConnectException: Connect to http://localhost:8761 failed: Connection refused
	at java.base/sun.nio.ch.Net.pollConnect(Native Method) ~[na:na]
	at java.base/sun.nio.ch.Net.pollConnectNow(Net.java:694) ~[na:na]
	at java.base/sun.nio.ch.NioSocketImpl.timedFinishConnect(NioSocketImpl.java:549) ~[na:na]
	at java.base/sun.nio.ch.NioSocketImpl.connect(NioSocketImpl.java:592) ~[na:na]
	at java.base/java.net.SocksSocketImpl.connect(SocksSocketImpl.java:327) ~[na:na]
	at java.base/java.net.Socket.connect(Socket.java:751) ~[na:na]
	at org.apache.hc.client5.http.impl.io.DefaultHttpClientConnectionOperator.connect(DefaultHttpClientConnectionOperator.java:226) ~[httpclient5-5.5.2.jar:5.5.2]
	at org.apache.hc.client5.http.impl.io.PoolingHttpClientConnectionManager.connect(PoolingHttpClientConnectionManager.java:497) ~[httpclient5-5.5.2.jar:5.5.2]
	at org.apache.hc.client5.http.impl.classic.InternalExecRuntime.connectEndpoint(InternalExecRuntime.java:164) ~[httpclient5-5.5.2.jar:5.5.2]
	at org.apache.hc.client5.http.impl.classic.InternalExecRuntime.connectEndpoint(InternalExecRuntime.java:174) ~[httpclient5-5.5.2.jar:5.5.2]
	at org.apache.hc.client5.http.impl.classic.ConnectExec.execute(ConnectExec.java:144) ~[httpclient5-5.5.2.jar:5.5.2]
	at org.apache.hc.client5.http.impl.classic.ExecChainElement.execute(ExecChainElement.java:51) ~[httpclient5-5.5.2.jar:5.5.2]
	at org.apache.hc.client5.http.impl.classic.ProtocolExec.execute(ProtocolExec.java:195) ~[httpclient5-5.5.2.jar:5.5.2]
	at org.apache.hc.client5.http.impl.classic.ExecChainElement.execute(ExecChainElement.java:51) ~[httpclient5-5.5.2.jar:5.5.2]
	at org.apache.hc.client5.http.impl.classic.ContentCompressionExec.execute(ContentCompressionExec.java:168) ~[httpclient5-5.5.2.jar:5.5.2]
	at org.apache.hc.client5.http.impl.classic.ExecChainElement.execute(ExecChainElement.java:51) ~[httpclient5-5.5.2.jar:5.5.2]
	at org.apache.hc.client5.http.impl.classic.HttpRequestRetryExec.execute(HttpRequestRetryExec.java:112) ~[httpclient5-5.5.2.jar:5.5.2]
	at org.apache.hc.client5.http.impl.classic.ExecChainElement.execute(ExecChainElement.java:51) ~[httpclient5-5.5.2.jar:5.5.2]
	at org.apache.hc.client5.http.impl.classic.RedirectExec.execute(RedirectExec.java:110) ~[httpclient5-5.5.2.jar:5.5.2]
	at org.apache.hc.client5.http.impl.classic.ExecChainElement.execute(ExecChainElement.java:51) ~[httpclient5-5.5.2.jar:5.5.2]
	at org.apache.hc.client5.http.impl.classic.InternalHttpClient.doExecute(InternalHttpClient.java:185) ~[httpclient5-5.5.2.jar:5.5.2]
	at org.apache.hc.client5.http.impl.classic.CloseableHttpClient.execute(CloseableHttpClient.java:87) ~[httpclient5-5.5.2.jar:5.5.2]
	at org.apache.hc.client5.http.impl.classic.CloseableHttpClient.execute(CloseableHttpClient.java:55) ~[httpclient5-5.5.2.jar:5.5.2]
	at org.apache.hc.client5.http.classic.HttpClient.executeOpen(HttpClient.java:183) ~[httpclient5-5.5.2.jar:5.5.2]
	at org.springframework.http.client.HttpComponentsClientHttpRequest.executeInternal(HttpComponentsClientHttpRequest.java:99) ~[spring-web-7.0.8.jar:7.0.8]
	at org.springframework.http.client.AbstractStreamingClientHttpRequest.executeInternal(AbstractStreamingClientHttpRequest.java:87) ~[spring-web-7.0.8.jar:7.0.8]
	at org.springframework.http.client.AbstractClientHttpRequest.execute(AbstractClientHttpRequest.java:80) ~[spring-web-7.0.8.jar:7.0.8]
	at org.springframework.http.client.AbstractBufferingClientHttpRequest.executeWithRequestAndBody(AbstractBufferingClientHttpRequest.java:89) ~[spring-web-7.0.8.jar:7.0.8]
	at org.springframework.http.client.InterceptingClientHttpRequest$EndOfChainRequestExecution.execute(InterceptingClientHttpRequest.java:102) ~[spring-web-7.0.8.jar:7.0.8]
	at org.springframework.cloud.netflix.eureka.http.RestClientTransportClientFactory.lambda$newClient$2(RestClientTransportClientFactory.java:98) ~[spring-cloud-netflix-eureka-client-5.0.2.jar:5.0.2]
	at org.springframework.http.client.ClientHttpRequestInterceptor.lambda$apply$0(ClientHttpRequestInterceptor.java:89) ~[spring-web-7.0.8.jar:7.0.8]
	at org.springframework.http.client.InterceptingClientHttpRequest.executeInternal(InterceptingClientHttpRequest.java:73) ~[spring-web-7.0.8.jar:7.0.8]
	at org.springframework.http.client.AbstractBufferingClientHttpRequest.executeInternal(AbstractBufferingClientHttpRequest.java:50) ~[spring-web-7.0.8.jar:7.0.8]
	at org.springframework.http.client.AbstractClientHttpRequest.execute(AbstractClientHttpRequest.java:80) ~[spring-web-7.0.8.jar:7.0.8]
	at org.springframework.web.client.DefaultRestClient$DefaultRequestBodyUriSpec.exchangeInternal(DefaultRestClient.java:614) ~[spring-web-7.0.8.jar:7.0.8]
	... 25 common frames omitted

2026-09-06T16:01:06.986+02:00  WARN 12046 --- [user-service] [DiscoveryClient-CacheRefreshExecutor-%d] c.n.d.s.t.d.RetryableEurekaHttpClient    : Request execution failed with message: I/O error on GET request for "http://localhost:8761/eureka/apps/": Connect to http://localhost:8761 failed: Connection refused
2026-09-06T16:01:06.986+02:00  WARN 12046 --- [user-service] [DiscoveryClient-HeartbeatExecutor-%d] c.n.d.s.t.d.RetryableEurekaHttpClient    : Request execution failed with message: I/O error on PUT request for "http://localhost:8761/eureka/apps/USER-SERVICE/macbookpro:user-service:8082": Connect to http://localhost:8761 failed: Connection refused
2026-09-06T16:01:06.992+02:00  INFO 12046 --- [user-service] [DiscoveryClient-CacheRefreshExecutor-%d] c.n.d.s.t.d.RedirectingEurekaHttpClient  : Request execution error. endpoint=DefaultEndpoint{ serviceUrl='http://localhost:8761/eureka/}, exception=I/O error on GET request for "http://localhost:8761/eureka/apps/": Connect to http://localhost:8761 failed: Connection refused

org.springframework.web.client.ResourceAccessException: I/O error on GET request for "http://localhost:8761/eureka/apps/": Connect to http://localhost:8761 failed: Connection refused
	at org.springframework.web.client.DefaultRestClient$DefaultRequestBodyUriSpec.createResourceAccessException(DefaultRestClient.java:779) ~[spring-web-7.0.8.jar:7.0.8]
	at org.springframework.web.client.DefaultRestClient$DefaultRequestBodyUriSpec.exchangeInternal(DefaultRestClient.java:624) ~[spring-web-7.0.8.jar:7.0.8]
	at org.springframework.web.client.DefaultRestClient$DefaultRequestBodyUriSpec.exchange(DefaultRestClient.java:572) ~[spring-web-7.0.8.jar:7.0.8]
	at org.springframework.web.client.RestClient$RequestHeadersSpec.exchange(RestClient.java:747) ~[spring-web-7.0.8.jar:7.0.8]
	at org.springframework.web.client.DefaultRestClient$DefaultResponseSpec.executeAndExtract(DefaultRestClient.java:924) ~[spring-web-7.0.8.jar:7.0.8]
	at org.springframework.web.client.DefaultRestClient$DefaultResponseSpec.toEntityInternal(DefaultRestClient.java:870) ~[spring-web-7.0.8.jar:7.0.8]
	at org.springframework.web.client.DefaultRestClient$DefaultResponseSpec.toEntity(DefaultRestClient.java:859) ~[spring-web-7.0.8.jar:7.0.8]
	at org.springframework.cloud.netflix.eureka.http.RestClientEurekaHttpClient.getApplicationsInternal(RestClientEurekaHttpClient.java:201) ~[spring-cloud-netflix-eureka-client-5.0.2.jar:5.0.2]
	at org.springframework.cloud.netflix.eureka.http.RestClientEurekaHttpClient.getApplications(RestClientEurekaHttpClient.java:137) ~[spring-cloud-netflix-eureka-client-5.0.2.jar:5.0.2]
	at com.netflix.discovery.shared.transport.decorator.EurekaHttpClientDecorator$6.execute(EurekaHttpClientDecorator.java:137) ~[eureka-client-2.0.6.jar:2.0.6]
	at com.netflix.discovery.shared.transport.decorator.RedirectingEurekaHttpClient.executeOnNewServer(RedirectingEurekaHttpClient.java:120) ~[eureka-client-2.0.6.jar:2.0.6]
	at com.netflix.discovery.shared.transport.decorator.RedirectingEurekaHttpClient.execute(RedirectingEurekaHttpClient.java:79) ~[eureka-client-2.0.6.jar:2.0.6]
	at com.netflix.discovery.shared.transport.decorator.EurekaHttpClientDecorator.getApplications(EurekaHttpClientDecorator.java:134) ~[eureka-client-2.0.6.jar:2.0.6]
	at com.netflix.discovery.shared.transport.decorator.EurekaHttpClientDecorator$6.execute(EurekaHttpClientDecorator.java:137) ~[eureka-client-2.0.6.jar:2.0.6]
	at com.netflix.discovery.shared.transport.decorator.RetryableEurekaHttpClient.execute(RetryableEurekaHttpClient.java:120) ~[eureka-client-2.0.6.jar:2.0.6]
	at com.netflix.discovery.shared.transport.decorator.EurekaHttpClientDecorator.getApplications(EurekaHttpClientDecorator.java:134) ~[eureka-client-2.0.6.jar:2.0.6]
	at com.netflix.discovery.shared.transport.decorator.EurekaHttpClientDecorator$6.execute(EurekaHttpClientDecorator.java:137) ~[eureka-client-2.0.6.jar:2.0.6]
	at com.netflix.discovery.shared.transport.decorator.SessionedEurekaHttpClient.execute(SessionedEurekaHttpClient.java:76) ~[eureka-client-2.0.6.jar:2.0.6]
	at com.netflix.discovery.shared.transport.decorator.EurekaHttpClientDecorator.getApplications(EurekaHttpClientDecorator.java:134) ~[eureka-client-2.0.6.jar:2.0.6]
	at com.netflix.discovery.DiscoveryClient.getAndStoreFullRegistry(DiscoveryClient.java:1061) ~[eureka-client-2.0.6.jar:2.0.6]
	at com.netflix.discovery.DiscoveryClient.fetchRegistry(DiscoveryClient.java:976) ~[eureka-client-2.0.6.jar:2.0.6]
	at com.netflix.discovery.DiscoveryClient.refreshRegistry(DiscoveryClient.java:1489) ~[eureka-client-2.0.6.jar:2.0.6]
	at com.netflix.discovery.DiscoveryClient$CacheRefreshThread.run(DiscoveryClient.java:1457) ~[eureka-client-2.0.6.jar:2.0.6]
	at java.base/java.util.concurrent.Executors$RunnableAdapter.call(Executors.java:572) ~[na:na]
	at java.base/java.util.concurrent.FutureTask.run(FutureTask.java:317) ~[na:na]
	at java.base/java.util.concurrent.ThreadPoolExecutor.runWorker(ThreadPoolExecutor.java:1144) ~[na:na]
	at java.base/java.util.concurrent.ThreadPoolExecutor$Worker.run(ThreadPoolExecutor.java:642) ~[na:na]
	at java.base/java.lang.Thread.run(Thread.java:1583) ~[na:na]
Caused by: org.apache.hc.client5.http.HttpHostConnectException: Connect to http://localhost:8761 failed: Connection refused
	at java.base/sun.nio.ch.Net.pollConnect(Native Method) ~[na:na]
	at java.base/sun.nio.ch.Net.pollConnectNow(Net.java:694) ~[na:na]
	at java.base/sun.nio.ch.NioSocketImpl.timedFinishConnect(NioSocketImpl.java:549) ~[na:na]
	at java.base/sun.nio.ch.NioSocketImpl.connect(NioSocketImpl.java:592) ~[na:na]
	at java.base/java.net.SocksSocketImpl.connect(SocksSocketImpl.java:327) ~[na:na]
	at java.base/java.net.Socket.connect(Socket.java:751) ~[na:na]
	at org.apache.hc.client5.http.impl.io.DefaultHttpClientConnectionOperator.connect(DefaultHttpClientConnectionOperator.java:226) ~[httpclient5-5.5.2.jar:5.5.2]
	at org.apache.hc.client5.http.impl.io.PoolingHttpClientConnectionManager.connect(PoolingHttpClientConnectionManager.java:497) ~[httpclient5-5.5.2.jar:5.5.2]
	at org.apache.hc.client5.http.impl.classic.InternalExecRuntime.connectEndpoint(InternalExecRuntime.java:164) ~[httpclient5-5.5.2.jar:5.5.2]
	at org.apache.hc.client5.http.impl.classic.InternalExecRuntime.connectEndpoint(InternalExecRuntime.java:174) ~[httpclient5-5.5.2.jar:5.5.2]
	at org.apache.hc.client5.http.impl.classic.ConnectExec.execute(ConnectExec.java:144) ~[httpclient5-5.5.2.jar:5.5.2]
	at org.apache.hc.client5.http.impl.classic.ExecChainElement.execute(ExecChainElement.java:51) ~[httpclient5-5.5.2.jar:5.5.2]
	at org.apache.hc.client5.http.impl.classic.ProtocolExec.execute(ProtocolExec.java:195) ~[httpclient5-5.5.2.jar:5.5.2]
	at org.apache.hc.client5.http.impl.classic.ExecChainElement.execute(ExecChainElement.java:51) ~[httpclient5-5.5.2.jar:5.5.2]
	at org.apache.hc.client5.http.impl.classic.ContentCompressionExec.execute(ContentCompressionExec.java:168) ~[httpclient5-5.5.2.jar:5.5.2]
	at org.apache.hc.client5.http.impl.classic.ExecChainElement.execute(ExecChainElement.java:51) ~[httpclient5-5.5.2.jar:5.5.2]
	at org.apache.hc.client5.http.impl.classic.HttpRequestRetryExec.execute(HttpRequestRetryExec.java:112) ~[httpclient5-5.5.2.jar:5.5.2]
	at org.apache.hc.client5.http.impl.classic.ExecChainElement.execute(ExecChainElement.java:51) ~[httpclient5-5.5.2.jar:5.5.2]
	at org.apache.hc.client5.http.impl.classic.RedirectExec.execute(RedirectExec.java:110) ~[httpclient5-5.5.2.jar:5.5.2]
	at org.apache.hc.client5.http.impl.classic.ExecChainElement.execute(ExecChainElement.java:51) ~[httpclient5-5.5.2.jar:5.5.2]
	at org.apache.hc.client5.http.impl.classic.InternalHttpClient.doExecute(InternalHttpClient.java:185) ~[httpclient5-5.5.2.jar:5.5.2]
	at org.apache.hc.client5.http.impl.classic.CloseableHttpClient.execute(CloseableHttpClient.java:87) ~[httpclient5-5.5.2.jar:5.5.2]
	at org.apache.hc.client5.http.impl.classic.CloseableHttpClient.execute(CloseableHttpClient.java:55) ~[httpclient5-5.5.2.jar:5.5.2]
	at org.apache.hc.client5.http.classic.HttpClient.executeOpen(HttpClient.java:183) ~[httpclient5-5.5.2.jar:5.5.2]
	at org.springframework.http.client.HttpComponentsClientHttpRequest.executeInternal(HttpComponentsClientHttpRequest.java:99) ~[spring-web-7.0.8.jar:7.0.8]
	at org.springframework.http.client.AbstractStreamingClientHttpRequest.executeInternal(AbstractStreamingClientHttpRequest.java:87) ~[spring-web-7.0.8.jar:7.0.8]
	at org.springframework.http.client.AbstractClientHttpRequest.execute(AbstractClientHttpRequest.java:80) ~[spring-web-7.0.8.jar:7.0.8]
	at org.springframework.http.client.AbstractBufferingClientHttpRequest.executeWithRequestAndBody(AbstractBufferingClientHttpRequest.java:89) ~[spring-web-7.0.8.jar:7.0.8]
	at org.springframework.http.client.InterceptingClientHttpRequest$EndOfChainRequestExecution.execute(InterceptingClientHttpRequest.java:102) ~[spring-web-7.0.8.jar:7.0.8]
	at org.springframework.cloud.netflix.eureka.http.RestClientTransportClientFactory.lambda$newClient$2(RestClientTransportClientFactory.java:98) ~[spring-cloud-netflix-eureka-client-5.0.2.jar:5.0.2]
	at org.springframework.http.client.ClientHttpRequestInterceptor.lambda$apply$0(ClientHttpRequestInterceptor.java:89) ~[spring-web-7.0.8.jar:7.0.8]
	at org.springframework.http.client.InterceptingClientHttpRequest.executeInternal(InterceptingClientHttpRequest.java:73) ~[spring-web-7.0.8.jar:7.0.8]
	at org.springframework.http.client.AbstractBufferingClientHttpRequest.executeInternal(AbstractBufferingClientHttpRequest.java:50) ~[spring-web-7.0.8.jar:7.0.8]
	at org.springframework.http.client.AbstractClientHttpRequest.execute(AbstractClientHttpRequest.java:80) ~[spring-web-7.0.8.jar:7.0.8]
	at org.springframework.web.client.DefaultRestClient$DefaultRequestBodyUriSpec.exchangeInternal(DefaultRestClient.java:614) ~[spring-web-7.0.8.jar:7.0.8]
	... 26 common frames omitted

2026-09-06T16:01:06.992+02:00  INFO 12046 --- [user-service] [DiscoveryClient-HeartbeatExecutor-%d] c.n.d.s.t.d.RedirectingEurekaHttpClient  : Request execution error. endpoint=DefaultEndpoint{ serviceUrl='http://localhost:8761/eureka/}, exception=I/O error on PUT request for "http://localhost:8761/eureka/apps/USER-SERVICE/macbookpro:user-service:8082": Connect to http://localhost:8761 failed: Connection refused

org.springframework.web.client.ResourceAccessException: I/O error on PUT request for "http://localhost:8761/eureka/apps/USER-SERVICE/macbookpro:user-service:8082": Connect to http://localhost:8761 failed: Connection refused
	at org.springframework.web.client.DefaultRestClient$DefaultRequestBodyUriSpec.createResourceAccessException(DefaultRestClient.java:779) ~[spring-web-7.0.8.jar:7.0.8]
	at org.springframework.web.client.DefaultRestClient$DefaultRequestBodyUriSpec.exchangeInternal(DefaultRestClient.java:624) ~[spring-web-7.0.8.jar:7.0.8]
	at org.springframework.web.client.DefaultRestClient$DefaultRequestBodyUriSpec.exchange(DefaultRestClient.java:572) ~[spring-web-7.0.8.jar:7.0.8]
	at org.springframework.web.client.RestClient$RequestHeadersSpec.exchange(RestClient.java:747) ~[spring-web-7.0.8.jar:7.0.8]
	at org.springframework.web.client.DefaultRestClient$DefaultResponseSpec.executeAndExtract(DefaultRestClient.java:924) ~[spring-web-7.0.8.jar:7.0.8]
	at org.springframework.web.client.DefaultRestClient$DefaultResponseSpec.toEntityInternal(DefaultRestClient.java:870) ~[spring-web-7.0.8.jar:7.0.8]
	at org.springframework.web.client.DefaultRestClient$DefaultResponseSpec.toEntity(DefaultRestClient.java:859) ~[spring-web-7.0.8.jar:7.0.8]
	at org.springframework.cloud.netflix.eureka.http.RestClientEurekaHttpClient.sendHeartBeat(RestClientEurekaHttpClient.java:91) ~[spring-cloud-netflix-eureka-client-5.0.2.jar:5.0.2]
	at com.netflix.discovery.shared.transport.decorator.EurekaHttpClientDecorator$3.execute(EurekaHttpClientDecorator.java:92) ~[eureka-client-2.0.6.jar:2.0.6]
	at com.netflix.discovery.shared.transport.decorator.RedirectingEurekaHttpClient.executeOnNewServer(RedirectingEurekaHttpClient.java:120) ~[eureka-client-2.0.6.jar:2.0.6]
	at com.netflix.discovery.shared.transport.decorator.RedirectingEurekaHttpClient.execute(RedirectingEurekaHttpClient.java:79) ~[eureka-client-2.0.6.jar:2.0.6]
	at com.netflix.discovery.shared.transport.decorator.EurekaHttpClientDecorator.sendHeartBeat(EurekaHttpClientDecorator.java:89) ~[eureka-client-2.0.6.jar:2.0.6]
	at com.netflix.discovery.shared.transport.decorator.EurekaHttpClientDecorator$3.execute(EurekaHttpClientDecorator.java:92) ~[eureka-client-2.0.6.jar:2.0.6]
	at com.netflix.discovery.shared.transport.decorator.RetryableEurekaHttpClient.execute(RetryableEurekaHttpClient.java:120) ~[eureka-client-2.0.6.jar:2.0.6]
	at com.netflix.discovery.shared.transport.decorator.EurekaHttpClientDecorator.sendHeartBeat(EurekaHttpClientDecorator.java:89) ~[eureka-client-2.0.6.jar:2.0.6]
	at com.netflix.discovery.shared.transport.decorator.EurekaHttpClientDecorator$3.execute(EurekaHttpClientDecorator.java:92) ~[eureka-client-2.0.6.jar:2.0.6]
	at com.netflix.discovery.shared.transport.decorator.SessionedEurekaHttpClient.execute(SessionedEurekaHttpClient.java:76) ~[eureka-client-2.0.6.jar:2.0.6]
	at com.netflix.discovery.shared.transport.decorator.EurekaHttpClientDecorator.sendHeartBeat(EurekaHttpClientDecorator.java:89) ~[eureka-client-2.0.6.jar:2.0.6]
	at com.netflix.discovery.DiscoveryClient.renew(DiscoveryClient.java:860) ~[eureka-client-2.0.6.jar:2.0.6]
	at com.netflix.discovery.DiscoveryClient$HeartbeatThread.run(DiscoveryClient.java:1418) ~[eureka-client-2.0.6.jar:2.0.6]
	at java.base/java.util.concurrent.Executors$RunnableAdapter.call(Executors.java:572) ~[na:na]
	at java.base/java.util.concurrent.FutureTask.run(FutureTask.java:317) ~[na:na]
	at java.base/java.util.concurrent.ThreadPoolExecutor.runWorker(ThreadPoolExecutor.java:1144) ~[na:na]
	at java.base/java.util.concurrent.ThreadPoolExecutor$Worker.run(ThreadPoolExecutor.java:642) ~[na:na]
	at java.base/java.lang.Thread.run(Thread.java:1583) ~[na:na]
Caused by: org.apache.hc.client5.http.HttpHostConnectException: Connect to http://localhost:8761 failed: Connection refused
	at java.base/sun.nio.ch.Net.pollConnect(Native Method) ~[na:na]
	at java.base/sun.nio.ch.Net.pollConnectNow(Net.java:694) ~[na:na]
	at java.base/sun.nio.ch.NioSocketImpl.timedFinishConnect(NioSocketImpl.java:549) ~[na:na]
	at java.base/sun.nio.ch.NioSocketImpl.connect(NioSocketImpl.java:592) ~[na:na]
	at java.base/java.net.SocksSocketImpl.connect(SocksSocketImpl.java:327) ~[na:na]
	at java.base/java.net.Socket.connect(Socket.java:751) ~[na:na]
	at org.apache.hc.client5.http.impl.io.DefaultHttpClientConnectionOperator.connect(DefaultHttpClientConnectionOperator.java:226) ~[httpclient5-5.5.2.jar:5.5.2]
	at org.apache.hc.client5.http.impl.io.PoolingHttpClientConnectionManager.connect(PoolingHttpClientConnectionManager.java:497) ~[httpclient5-5.5.2.jar:5.5.2]
	at org.apache.hc.client5.http.impl.classic.InternalExecRuntime.connectEndpoint(InternalExecRuntime.java:164) ~[httpclient5-5.5.2.jar:5.5.2]
	at org.apache.hc.client5.http.impl.classic.InternalExecRuntime.connectEndpoint(InternalExecRuntime.java:174) ~[httpclient5-5.5.2.jar:5.5.2]
	at org.apache.hc.client5.http.impl.classic.ConnectExec.execute(ConnectExec.java:144) ~[httpclient5-5.5.2.jar:5.5.2]
	at org.apache.hc.client5.http.impl.classic.ExecChainElement.execute(ExecChainElement.java:51) ~[httpclient5-5.5.2.jar:5.5.2]
	at org.apache.hc.client5.http.impl.classic.ProtocolExec.execute(ProtocolExec.java:195) ~[httpclient5-5.5.2.jar:5.5.2]
	at org.apache.hc.client5.http.impl.classic.ExecChainElement.execute(ExecChainElement.java:51) ~[httpclient5-5.5.2.jar:5.5.2]
	at org.apache.hc.client5.http.impl.classic.ContentCompressionExec.execute(ContentCompressionExec.java:168) ~[httpclient5-5.5.2.jar:5.5.2]
	at org.apache.hc.client5.http.impl.classic.ExecChainElement.execute(ExecChainElement.java:51) ~[httpclient5-5.5.2.jar:5.5.2]
	at org.apache.hc.client5.http.impl.classic.HttpRequestRetryExec.execute(HttpRequestRetryExec.java:112) ~[httpclient5-5.5.2.jar:5.5.2]
	at org.apache.hc.client5.http.impl.classic.ExecChainElement.execute(ExecChainElement.java:51) ~[httpclient5-5.5.2.jar:5.5.2]
	at org.apache.hc.client5.http.impl.classic.RedirectExec.execute(RedirectExec.java:110) ~[httpclient5-5.5.2.jar:5.5.2]
	at org.apache.hc.client5.http.impl.classic.ExecChainElement.execute(ExecChainElement.java:51) ~[httpclient5-5.5.2.jar:5.5.2]
	at org.apache.hc.client5.http.impl.classic.InternalHttpClient.doExecute(InternalHttpClient.java:185) ~[httpclient5-5.5.2.jar:5.5.2]
	at org.apache.hc.client5.http.impl.classic.CloseableHttpClient.execute(CloseableHttpClient.java:87) ~[httpclient5-5.5.2.jar:5.5.2]
	at org.apache.hc.client5.http.impl.classic.CloseableHttpClient.execute(CloseableHttpClient.java:55) ~[httpclient5-5.5.2.jar:5.5.2]
	at org.apache.hc.client5.http.classic.HttpClient.executeOpen(HttpClient.java:183) ~[httpclient5-5.5.2.jar:5.5.2]
	at org.springframework.http.client.HttpComponentsClientHttpRequest.executeInternal(HttpComponentsClientHttpRequest.java:99) ~[spring-web-7.0.8.jar:7.0.8]
	at org.springframework.http.client.AbstractStreamingClientHttpRequest.executeInternal(AbstractStreamingClientHttpRequest.java:87) ~[spring-web-7.0.8.jar:7.0.8]
	at org.springframework.http.client.AbstractClientHttpRequest.execute(AbstractClientHttpRequest.java:80) ~[spring-web-7.0.8.jar:7.0.8]
	at org.springframework.http.client.AbstractBufferingClientHttpRequest.executeWithRequestAndBody(AbstractBufferingClientHttpRequest.java:89) ~[spring-web-7.0.8.jar:7.0.8]
	at org.springframework.http.client.InterceptingClientHttpRequest$EndOfChainRequestExecution.execute(InterceptingClientHttpRequest.java:102) ~[spring-web-7.0.8.jar:7.0.8]
	at org.springframework.cloud.netflix.eureka.http.RestClientTransportClientFactory.lambda$newClient$2(RestClientTransportClientFactory.java:98) ~[spring-cloud-netflix-eureka-client-5.0.2.jar:5.0.2]
	at org.springframework.http.client.ClientHttpRequestInterceptor.lambda$apply$0(ClientHttpRequestInterceptor.java:89) ~[spring-web-7.0.8.jar:7.0.8]
	at org.springframework.http.client.InterceptingClientHttpRequest.executeInternal(InterceptingClientHttpRequest.java:73) ~[spring-web-7.0.8.jar:7.0.8]
	at org.springframework.http.client.AbstractBufferingClientHttpRequest.executeInternal(AbstractBufferingClientHttpRequest.java:50) ~[spring-web-7.0.8.jar:7.0.8]
	at org.springframework.http.client.AbstractClientHttpRequest.execute(AbstractClientHttpRequest.java:80) ~[spring-web-7.0.8.jar:7.0.8]
	at org.springframework.web.client.DefaultRestClient$DefaultRequestBodyUriSpec.exchangeInternal(DefaultRestClient.java:614) ~[spring-web-7.0.8.jar:7.0.8]
	... 23 common frames omitted

2026-09-06T16:01:06.993+02:00  WARN 12046 --- [user-service] [DiscoveryClient-CacheRefreshExecutor-%d] c.n.d.s.t.d.RetryableEurekaHttpClient    : Request execution failed with message: I/O error on GET request for "http://localhost:8761/eureka/apps/": Connect to http://localhost:8761 failed: Connection refused
2026-09-06T16:01:06.993+02:00  WARN 12046 --- [user-service] [DiscoveryClient-HeartbeatExecutor-%d] c.n.d.s.t.d.RetryableEurekaHttpClient    : Request execution failed with message: I/O error on PUT request for "http://localhost:8761/eureka/apps/USER-SERVICE/macbookpro:user-service:8082": Connect to http://localhost:8761 failed: Connection refused
2026-09-06T16:01:06.994+02:00 ERROR 12046 --- [user-service] [DiscoveryClient-HeartbeatExecutor-%d] com.netflix.discovery.DiscoveryClient    : DiscoveryClient_USER-SERVICE/macbookpro:user-service:8082 - was unable to send heartbeat!

com.netflix.discovery.shared.transport.TransportException: Cannot execute request on any known server
	at com.netflix.discovery.shared.transport.decorator.RetryableEurekaHttpClient.execute(RetryableEurekaHttpClient.java:112) ~[eureka-client-2.0.6.jar:2.0.6]
	at com.netflix.discovery.shared.transport.decorator.EurekaHttpClientDecorator.sendHeartBeat(EurekaHttpClientDecorator.java:89) ~[eureka-client-2.0.6.jar:2.0.6]
	at com.netflix.discovery.shared.transport.decorator.EurekaHttpClientDecorator$3.execute(EurekaHttpClientDecorator.java:92) ~[eureka-client-2.0.6.jar:2.0.6]
	at com.netflix.discovery.shared.transport.decorator.SessionedEurekaHttpClient.execute(SessionedEurekaHttpClient.java:76) ~[eureka-client-2.0.6.jar:2.0.6]
	at com.netflix.discovery.shared.transport.decorator.EurekaHttpClientDecorator.sendHeartBeat(EurekaHttpClientDecorator.java:89) ~[eureka-client-2.0.6.jar:2.0.6]
	at com.netflix.discovery.DiscoveryClient.renew(DiscoveryClient.java:860) ~[eureka-client-2.0.6.jar:2.0.6]
	at com.netflix.discovery.DiscoveryClient$HeartbeatThread.run(DiscoveryClient.java:1418) ~[eureka-client-2.0.6.jar:2.0.6]
	at java.base/java.util.concurrent.Executors$RunnableAdapter.call(Executors.java:572) ~[na:na]
	at java.base/java.util.concurrent.FutureTask.run(FutureTask.java:317) ~[na:na]
	at java.base/java.util.concurrent.ThreadPoolExecutor.runWorker(ThreadPoolExecutor.java:1144) ~[na:na]
	at java.base/java.util.concurrent.ThreadPoolExecutor$Worker.run(ThreadPoolExecutor.java:642) ~[na:na]
	at java.base/java.lang.Thread.run(Thread.java:1583) ~[na:na]

2026-09-06T16:01:06.994+02:00  INFO 12046 --- [user-service] [DiscoveryClient-CacheRefreshExecutor-%d] com.netflix.discovery.DiscoveryClient    : DiscoveryClient_USER-SERVICE/macbookpro:user-service:8082 - was unable to refresh its cache! This periodic background refresh will be retried in 30 seconds. status = Cannot execute request on any known server

com.netflix.discovery.shared.transport.TransportException: Cannot execute request on any known server
	at com.netflix.discovery.shared.transport.decorator.RetryableEurekaHttpClient.execute(RetryableEurekaHttpClient.java:112) ~[eureka-client-2.0.6.jar:2.0.6]
	at com.netflix.discovery.shared.transport.decorator.EurekaHttpClientDecorator.getApplications(EurekaHttpClientDecorator.java:134) ~[eureka-client-2.0.6.jar:2.0.6]
	at com.netflix.discovery.shared.transport.decorator.EurekaHttpClientDecorator$6.execute(EurekaHttpClientDecorator.java:137) ~[eureka-client-2.0.6.jar:2.0.6]
	at com.netflix.discovery.shared.transport.decorator.SessionedEurekaHttpClient.execute(SessionedEurekaHttpClient.java:76) ~[eureka-client-2.0.6.jar:2.0.6]
	at com.netflix.discovery.shared.transport.decorator.EurekaHttpClientDecorator.getApplications(EurekaHttpClientDecorator.java:134) ~[eureka-client-2.0.6.jar:2.0.6]
	at com.netflix.discovery.DiscoveryClient.getAndStoreFullRegistry(DiscoveryClient.java:1061) ~[eureka-client-2.0.6.jar:2.0.6]
	at com.netflix.discovery.DiscoveryClient.fetchRegistry(DiscoveryClient.java:976) ~[eureka-client-2.0.6.jar:2.0.6]
	at com.netflix.discovery.DiscoveryClient.refreshRegistry(DiscoveryClient.java:1489) ~[eureka-client-2.0.6.jar:2.0.6]
	at com.netflix.discovery.DiscoveryClient$CacheRefreshThread.run(DiscoveryClient.java:1457) ~[eureka-client-2.0.6.jar:2.0.6]
	at java.base/java.util.concurrent.Executors$RunnableAdapter.call(Executors.java:572) ~[na:na]
	at java.base/java.util.concurrent.FutureTask.run(FutureTask.java:317) ~[na:na]
	at java.base/java.util.concurrent.ThreadPoolExecutor.runWorker(ThreadPoolExecutor.java:1144) ~[na:na]
	at java.base/java.util.concurrent.ThreadPoolExecutor$Worker.run(ThreadPoolExecutor.java:642) ~[na:na]
	at java.base/java.lang.Thread.run(Thread.java:1583) ~[na:na]

2026-09-06T16:01:07.386+02:00  INFO 12046 --- [user-service] [SpringApplicationShutdownHook] o.s.a.r.l.SimpleMessageListenerContainer : Successfully waited for workers to finish.
2026-09-06T16:01:07.387+02:00  INFO 12046 --- [user-service] [SpringApplicationShutdownHook] o.s.i.a.i.AmqpInboundChannelAdapter      : stopped bean 'inbound.springCloudBus.anonymous.xrS7ykZ3SeqOf_nfaidGuQ'
2026-09-06T16:01:07.394+02:00  INFO 12046 --- [user-service] [SpringApplicationShutdownHook] o.s.c.stream.binder.BinderErrorChannel   : Channel 'user-service.rabbit-1921262185.springCloudBusInput.errors' has 1 subscriber(s).
2026-09-06T16:01:07.396+02:00  INFO 12046 --- [user-service] [SpringApplicationShutdownHook] o.s.c.stream.binder.BinderErrorChannel   : Channel 'user-service.rabbit-1921262185.springCloudBusInput.errors' has 0 subscriber(s).
2026-09-06T16:01:07.448+02:00  INFO 12046 --- [user-service] [SpringApplicationShutdownHook] o.s.i.endpoint.EventDrivenConsumer       : Removing {logging-channel-adapter:_org.springframework.integration.errorLogger} as a subscriber to the 'errorChannel' channel
2026-09-06T16:01:07.449+02:00  INFO 12046 --- [user-service] [SpringApplicationShutdownHook] o.s.i.channel.PublishSubscribeChannel    : Channel 'user-service.errorChannel' has 0 subscriber(s).
2026-09-06T16:01:07.449+02:00  INFO 12046 --- [user-service] [SpringApplicationShutdownHook] o.s.i.endpoint.EventDrivenConsumer       : stopped bean '_org.springframework.integration.errorLogger'
2026-09-06T16:01:07.461+02:00  INFO 12046 --- [user-service] [SpringApplicationShutdownHook] j.LocalContainerEntityManagerFactoryBean : Closing JPA EntityManagerFactory for persistence unit 'default'
2026-09-06T16:01:07.463+02:00  INFO 12046 --- [user-service] [SpringApplicationShutdownHook] com.zaxxer.hikari.HikariDataSource       : HikariPool-1 - Shutdown initiated...
2026-09-06T16:01:07.466+02:00  INFO 12046 --- [user-service] [SpringApplicationShutdownHook] com.zaxxer.hikari.HikariDataSource       : HikariPool-1 - Shutdown completed.
2026-09-06T16:01:07.467+02:00  INFO 12046 --- [user-service] [SpringApplicationShutdownHook] com.netflix.discovery.DiscoveryClient    : Shutting down DiscoveryClient ...
2026-09-06T16:01:10.471+02:00  INFO 12046 --- [user-service] [SpringApplicationShutdownHook] com.netflix.discovery.DiscoveryClient    : Unregistering ...
2026-09-06T16:01:10.480+02:00  INFO 12046 --- [user-service] [SpringApplicationShutdownHook] c.n.d.s.t.d.RedirectingEurekaHttpClient  : Request execution error. endpoint=DefaultEndpoint{ serviceUrl='http://localhost:8761/eureka/}, exception=I/O error on DELETE request for "http://localhost:8761/eureka/apps/USER-SERVICE/macbookpro:user-service:8082": Connect to http://localhost:8761 failed: Connection refused

org.springframework.web.client.ResourceAccessException: I/O error on DELETE request for "http://localhost:8761/eureka/apps/USER-SERVICE/macbookpro:user-service:8082": Connect to http://localhost:8761 failed: Connection refused
	at org.springframework.web.client.DefaultRestClient$DefaultRequestBodyUriSpec.createResourceAccessException(DefaultRestClient.java:779) ~[spring-web-7.0.8.jar:7.0.8]
	at org.springframework.web.client.DefaultRestClient$DefaultRequestBodyUriSpec.exchangeInternal(DefaultRestClient.java:624) ~[spring-web-7.0.8.jar:7.0.8]
	at org.springframework.web.client.DefaultRestClient$DefaultRequestBodyUriSpec.exchange(DefaultRestClient.java:572) ~[spring-web-7.0.8.jar:7.0.8]
	at org.springframework.web.client.RestClient$RequestHeadersSpec.exchange(RestClient.java:747) ~[spring-web-7.0.8.jar:7.0.8]
	at org.springframework.web.client.DefaultRestClient$DefaultResponseSpec.executeAndExtract(DefaultRestClient.java:924) ~[spring-web-7.0.8.jar:7.0.8]
	at org.springframework.web.client.DefaultRestClient$DefaultResponseSpec.toBodilessEntity(DefaultRestClient.java:888) ~[spring-web-7.0.8.jar:7.0.8]
	at org.springframework.cloud.netflix.eureka.http.RestClientEurekaHttpClient.cancel(RestClientEurekaHttpClient.java:73) ~[spring-cloud-netflix-eureka-client-5.0.2.jar:5.0.2]
	at com.netflix.discovery.shared.transport.decorator.EurekaHttpClientDecorator$2.execute(EurekaHttpClientDecorator.java:74) ~[eureka-client-2.0.6.jar:2.0.6]
	at com.netflix.discovery.shared.transport.decorator.RedirectingEurekaHttpClient.executeOnNewServer(RedirectingEurekaHttpClient.java:120) ~[eureka-client-2.0.6.jar:2.0.6]
	at com.netflix.discovery.shared.transport.decorator.RedirectingEurekaHttpClient.execute(RedirectingEurekaHttpClient.java:79) ~[eureka-client-2.0.6.jar:2.0.6]
	at com.netflix.discovery.shared.transport.decorator.EurekaHttpClientDecorator.cancel(EurekaHttpClientDecorator.java:71) ~[eureka-client-2.0.6.jar:2.0.6]
	at com.netflix.discovery.shared.transport.decorator.EurekaHttpClientDecorator$2.execute(EurekaHttpClientDecorator.java:74) ~[eureka-client-2.0.6.jar:2.0.6]
	at com.netflix.discovery.shared.transport.decorator.RetryableEurekaHttpClient.execute(RetryableEurekaHttpClient.java:120) ~[eureka-client-2.0.6.jar:2.0.6]
	at com.netflix.discovery.shared.transport.decorator.EurekaHttpClientDecorator.cancel(EurekaHttpClientDecorator.java:71) ~[eureka-client-2.0.6.jar:2.0.6]
	at com.netflix.discovery.shared.transport.decorator.EurekaHttpClientDecorator$2.execute(EurekaHttpClientDecorator.java:74) ~[eureka-client-2.0.6.jar:2.0.6]
	at com.netflix.discovery.shared.transport.decorator.SessionedEurekaHttpClient.execute(SessionedEurekaHttpClient.java:76) ~[eureka-client-2.0.6.jar:2.0.6]
	at com.netflix.discovery.shared.transport.decorator.EurekaHttpClientDecorator.cancel(EurekaHttpClientDecorator.java:71) ~[eureka-client-2.0.6.jar:2.0.6]
	at com.netflix.discovery.DiscoveryClient.unregister(DiscoveryClient.java:934) ~[eureka-client-2.0.6.jar:2.0.6]
	at com.netflix.discovery.DiscoveryClient.shutdown(DiscoveryClient.java:915) ~[eureka-client-2.0.6.jar:2.0.6]
	at java.base/jdk.internal.reflect.DirectMethodHandleAccessor.invoke(DirectMethodHandleAccessor.java:103) ~[na:na]
	at java.base/java.lang.reflect.Method.invoke(Method.java:580) ~[na:na]
	at org.springframework.beans.factory.annotation.InitDestroyAnnotationBeanPostProcessor$LifecycleMethod.invoke(InitDestroyAnnotationBeanPostProcessor.java:453) ~[spring-beans-7.0.8.jar:7.0.8]
	at org.springframework.beans.factory.annotation.InitDestroyAnnotationBeanPostProcessor$LifecycleMetadata.invokeDestroyMethods(InitDestroyAnnotationBeanPostProcessor.java:411) ~[spring-beans-7.0.8.jar:7.0.8]
	at org.springframework.beans.factory.annotation.InitDestroyAnnotationBeanPostProcessor.postProcessBeforeDestruction(InitDestroyAnnotationBeanPostProcessor.java:237) ~[spring-beans-7.0.8.jar:7.0.8]
	at org.springframework.beans.factory.support.DisposableBeanAdapter.destroy(DisposableBeanAdapter.java:200) ~[spring-beans-7.0.8.jar:7.0.8]
	at org.springframework.beans.factory.support.DisposableBeanAdapter.run(DisposableBeanAdapter.java:193) ~[spring-beans-7.0.8.jar:7.0.8]
	at org.springframework.cloud.context.scope.GenericScope$BeanLifecycleWrapper.destroy(GenericScope.java:387) ~[spring-cloud-context-5.0.3.jar:5.0.3]
	at org.springframework.cloud.context.scope.GenericScope.destroy(GenericScope.java:134) ~[spring-cloud-context-5.0.3.jar:5.0.3]
	at org.springframework.beans.factory.support.DisposableBeanAdapter.destroy(DisposableBeanAdapter.java:209) ~[spring-beans-7.0.8.jar:7.0.8]
	at org.springframework.beans.factory.support.DefaultSingletonBeanRegistry.destroyBean(DefaultSingletonBeanRegistry.java:795) ~[spring-beans-7.0.8.jar:7.0.8]
	at org.springframework.beans.factory.support.DefaultSingletonBeanRegistry.destroySingleton(DefaultSingletonBeanRegistry.java:745) ~[spring-beans-7.0.8.jar:7.0.8]
	at org.springframework.beans.factory.support.DefaultListableBeanFactory.destroySingleton(DefaultListableBeanFactory.java:1507) ~[spring-beans-7.0.8.jar:7.0.8]
	at org.springframework.beans.factory.support.DefaultSingletonBeanRegistry.destroySingletons(DefaultSingletonBeanRegistry.java:704) ~[spring-beans-7.0.8.jar:7.0.8]
	at org.springframework.beans.factory.support.DefaultListableBeanFactory.destroySingletons(DefaultListableBeanFactory.java:1500) ~[spring-beans-7.0.8.jar:7.0.8]
	at org.springframework.context.support.AbstractApplicationContext.destroyBeans(AbstractApplicationContext.java:1246) ~[spring-context-7.0.8.jar:7.0.8]
	at org.springframework.context.support.AbstractApplicationContext.doClose(AbstractApplicationContext.java:1207) ~[spring-context-7.0.8.jar:7.0.8]
	at org.springframework.boot.web.server.servlet.context.ServletWebServerApplicationContext.doClose(ServletWebServerApplicationContext.java:176) ~[spring-boot-web-server-4.0.7.jar:4.0.7]
	at org.springframework.context.support.AbstractApplicationContext.close(AbstractApplicationContext.java:1153) ~[spring-context-7.0.8.jar:7.0.8]
	at org.springframework.boot.SpringApplicationShutdownHook.closeAndWait(SpringApplicationShutdownHook.java:147) ~[spring-boot-4.0.7.jar:4.0.7]
	at java.base/java.lang.Iterable.forEach(Iterable.java:75) ~[na:na]
	at org.springframework.boot.SpringApplicationShutdownHook.run(SpringApplicationShutdownHook.java:116) ~[spring-boot-4.0.7.jar:4.0.7]
	at java.base/java.lang.Thread.run(Thread.java:1583) ~[na:na]
Caused by: org.apache.hc.client5.http.HttpHostConnectException: Connect to http://localhost:8761 failed: Connection refused
	at java.base/sun.nio.ch.Net.pollConnect(Native Method) ~[na:na]
	at java.base/sun.nio.ch.Net.pollConnectNow(Net.java:694) ~[na:na]
	at java.base/sun.nio.ch.NioSocketImpl.timedFinishConnect(NioSocketImpl.java:542) ~[na:na]
	at java.base/sun.nio.ch.NioSocketImpl.connect(NioSocketImpl.java:592) ~[na:na]
	at java.base/java.net.SocksSocketImpl.connect(SocksSocketImpl.java:327) ~[na:na]
	at java.base/java.net.Socket.connect(Socket.java:751) ~[na:na]
	at org.apache.hc.client5.http.impl.io.DefaultHttpClientConnectionOperator.connect(DefaultHttpClientConnectionOperator.java:226) ~[httpclient5-5.5.2.jar:5.5.2]
	at org.apache.hc.client5.http.impl.io.PoolingHttpClientConnectionManager.connect(PoolingHttpClientConnectionManager.java:497) ~[httpclient5-5.5.2.jar:5.5.2]
	at org.apache.hc.client5.http.impl.classic.InternalExecRuntime.connectEndpoint(InternalExecRuntime.java:164) ~[httpclient5-5.5.2.jar:5.5.2]
	at org.apache.hc.client5.http.impl.classic.InternalExecRuntime.connectEndpoint(InternalExecRuntime.java:174) ~[httpclient5-5.5.2.jar:5.5.2]
	at org.apache.hc.client5.http.impl.classic.ConnectExec.execute(ConnectExec.java:144) ~[httpclient5-5.5.2.jar:5.5.2]
	at org.apache.hc.client5.http.impl.classic.ExecChainElement.execute(ExecChainElement.java:51) ~[httpclient5-5.5.2.jar:5.5.2]
	at org.apache.hc.client5.http.impl.classic.ProtocolExec.execute(ProtocolExec.java:195) ~[httpclient5-5.5.2.jar:5.5.2]
	at org.apache.hc.client5.http.impl.classic.ExecChainElement.execute(ExecChainElement.java:51) ~[httpclient5-5.5.2.jar:5.5.2]
	at org.apache.hc.client5.http.impl.classic.ContentCompressionExec.execute(ContentCompressionExec.java:168) ~[httpclient5-5.5.2.jar:5.5.2]
	at org.apache.hc.client5.http.impl.classic.ExecChainElement.execute(ExecChainElement.java:51) ~[httpclient5-5.5.2.jar:5.5.2]
	at org.apache.hc.client5.http.impl.classic.HttpRequestRetryExec.execute(HttpRequestRetryExec.java:112) ~[httpclient5-5.5.2.jar:5.5.2]
	at org.apache.hc.client5.http.impl.classic.ExecChainElement.execute(ExecChainElement.java:51) ~[httpclient5-5.5.2.jar:5.5.2]
	at org.apache.hc.client5.http.impl.classic.RedirectExec.execute(RedirectExec.java:110) ~[httpclient5-5.5.2.jar:5.5.2]
	at org.apache.hc.client5.http.impl.classic.ExecChainElement.execute(ExecChainElement.java:51) ~[httpclient5-5.5.2.jar:5.5.2]
	at org.apache.hc.client5.http.impl.classic.InternalHttpClient.doExecute(InternalHttpClient.java:185) ~[httpclient5-5.5.2.jar:5.5.2]
	at org.apache.hc.client5.http.impl.classic.CloseableHttpClient.execute(CloseableHttpClient.java:87) ~[httpclient5-5.5.2.jar:5.5.2]
	at org.apache.hc.client5.http.impl.classic.CloseableHttpClient.execute(CloseableHttpClient.java:55) ~[httpclient5-5.5.2.jar:5.5.2]
	at org.apache.hc.client5.http.classic.HttpClient.executeOpen(HttpClient.java:183) ~[httpclient5-5.5.2.jar:5.5.2]
	at org.springframework.http.client.HttpComponentsClientHttpRequest.executeInternal(HttpComponentsClientHttpRequest.java:99) ~[spring-web-7.0.8.jar:7.0.8]
	at org.springframework.http.client.AbstractStreamingClientHttpRequest.executeInternal(AbstractStreamingClientHttpRequest.java:87) ~[spring-web-7.0.8.jar:7.0.8]
	at org.springframework.http.client.AbstractClientHttpRequest.execute(AbstractClientHttpRequest.java:80) ~[spring-web-7.0.8.jar:7.0.8]
	at org.springframework.http.client.AbstractBufferingClientHttpRequest.executeWithRequestAndBody(AbstractBufferingClientHttpRequest.java:89) ~[spring-web-7.0.8.jar:7.0.8]
	at org.springframework.http.client.InterceptingClientHttpRequest$EndOfChainRequestExecution.execute(InterceptingClientHttpRequest.java:102) ~[spring-web-7.0.8.jar:7.0.8]
	at org.springframework.cloud.netflix.eureka.http.RestClientTransportClientFactory.lambda$newClient$2(RestClientTransportClientFactory.java:98) ~[spring-cloud-netflix-eureka-client-5.0.2.jar:5.0.2]
	at org.springframework.http.client.ClientHttpRequestInterceptor.lambda$apply$0(ClientHttpRequestInterceptor.java:89) ~[spring-web-7.0.8.jar:7.0.8]
	at org.springframework.http.client.InterceptingClientHttpRequest.executeInternal(InterceptingClientHttpRequest.java:73) ~[spring-web-7.0.8.jar:7.0.8]
	at org.springframework.http.client.AbstractBufferingClientHttpRequest.executeInternal(AbstractBufferingClientHttpRequest.java:50) ~[spring-web-7.0.8.jar:7.0.8]
	at org.springframework.http.client.AbstractClientHttpRequest.execute(AbstractClientHttpRequest.java:80) ~[spring-web-7.0.8.jar:7.0.8]
	at org.springframework.web.client.DefaultRestClient$DefaultRequestBodyUriSpec.exchangeInternal(DefaultRestClient.java:614) ~[spring-web-7.0.8.jar:7.0.8]
	... 40 common frames omitted

2026-09-06T16:01:10.481+02:00  WARN 12046 --- [user-service] [SpringApplicationShutdownHook] c.n.d.s.t.d.RetryableEurekaHttpClient    : Request execution failed with message: I/O error on DELETE request for "http://localhost:8761/eureka/apps/USER-SERVICE/macbookpro:user-service:8082": Connect to http://localhost:8761 failed: Connection refused
2026-09-06T16:01:10.481+02:00 ERROR 12046 --- [user-service] [SpringApplicationShutdownHook] com.netflix.discovery.DiscoveryClient    : DiscoveryClient_USER-SERVICE/macbookpro:user-service:8082 - de-registration failedCannot execute request on any known server

com.netflix.discovery.shared.transport.TransportException: Cannot execute request on any known server
	at com.netflix.discovery.shared.transport.decorator.RetryableEurekaHttpClient.execute(RetryableEurekaHttpClient.java:112) ~[eureka-client-2.0.6.jar:2.0.6]
	at com.netflix.discovery.shared.transport.decorator.EurekaHttpClientDecorator.cancel(EurekaHttpClientDecorator.java:71) ~[eureka-client-2.0.6.jar:2.0.6]
	at com.netflix.discovery.shared.transport.decorator.EurekaHttpClientDecorator$2.execute(EurekaHttpClientDecorator.java:74) ~[eureka-client-2.0.6.jar:2.0.6]
	at com.netflix.discovery.shared.transport.decorator.SessionedEurekaHttpClient.execute(SessionedEurekaHttpClient.java:76) ~[eureka-client-2.0.6.jar:2.0.6]
	at com.netflix.discovery.shared.transport.decorator.EurekaHttpClientDecorator.cancel(EurekaHttpClientDecorator.java:71) ~[eureka-client-2.0.6.jar:2.0.6]
	at com.netflix.discovery.DiscoveryClient.unregister(DiscoveryClient.java:934) ~[eureka-client-2.0.6.jar:2.0.6]
	at com.netflix.discovery.DiscoveryClient.shutdown(DiscoveryClient.java:915) ~[eureka-client-2.0.6.jar:2.0.6]
	at java.base/jdk.internal.reflect.DirectMethodHandleAccessor.invoke(DirectMethodHandleAccessor.java:103) ~[na:na]
	at java.base/java.lang.reflect.Method.invoke(Method.java:580) ~[na:na]
	at org.springframework.beans.factory.annotation.InitDestroyAnnotationBeanPostProcessor$LifecycleMethod.invoke(InitDestroyAnnotationBeanPostProcessor.java:453) ~[spring-beans-7.0.8.jar:7.0.8]
	at org.springframework.beans.factory.annotation.InitDestroyAnnotationBeanPostProcessor$LifecycleMetadata.invokeDestroyMethods(InitDestroyAnnotationBeanPostProcessor.java:411) ~[spring-beans-7.0.8.jar:7.0.8]
	at org.springframework.beans.factory.annotation.InitDestroyAnnotationBeanPostProcessor.postProcessBeforeDestruction(InitDestroyAnnotationBeanPostProcessor.java:237) ~[spring-beans-7.0.8.jar:7.0.8]
	at org.springframework.beans.factory.support.DisposableBeanAdapter.destroy(DisposableBeanAdapter.java:200) ~[spring-beans-7.0.8.jar:7.0.8]
	at org.springframework.beans.factory.support.DisposableBeanAdapter.run(DisposableBeanAdapter.java:193) ~[spring-beans-7.0.8.jar:7.0.8]
	at org.springframework.cloud.context.scope.GenericScope$BeanLifecycleWrapper.destroy(GenericScope.java:387) ~[spring-cloud-context-5.0.3.jar:5.0.3]
	at org.springframework.cloud.context.scope.GenericScope.destroy(GenericScope.java:134) ~[spring-cloud-context-5.0.3.jar:5.0.3]
	at org.springframework.beans.factory.support.DisposableBeanAdapter.destroy(DisposableBeanAdapter.java:209) ~[spring-beans-7.0.8.jar:7.0.8]
	at org.springframework.beans.factory.support.DefaultSingletonBeanRegistry.destroyBean(DefaultSingletonBeanRegistry.java:795) ~[spring-beans-7.0.8.jar:7.0.8]
	at org.springframework.beans.factory.support.DefaultSingletonBeanRegistry.destroySingleton(DefaultSingletonBeanRegistry.java:745) ~[spring-beans-7.0.8.jar:7.0.8]
	at org.springframework.beans.factory.support.DefaultListableBeanFactory.destroySingleton(DefaultListableBeanFactory.java:1507) ~[spring-beans-7.0.8.jar:7.0.8]
	at org.springframework.beans.factory.support.DefaultSingletonBeanRegistry.destroySingletons(DefaultSingletonBeanRegistry.java:704) ~[spring-beans-7.0.8.jar:7.0.8]
	at org.springframework.beans.factory.support.DefaultListableBeanFactory.destroySingletons(DefaultListableBeanFactory.java:1500) ~[spring-beans-7.0.8.jar:7.0.8]
	at org.springframework.context.support.AbstractApplicationContext.destroyBeans(AbstractApplicationContext.java:1246) ~[spring-context-7.0.8.jar:7.0.8]
	at org.springframework.context.support.AbstractApplicationContext.doClose(AbstractApplicationContext.java:1207) ~[spring-context-7.0.8.jar:7.0.8]
	at org.springframework.boot.web.server.servlet.context.ServletWebServerApplicationContext.doClose(ServletWebServerApplicationContext.java:176) ~[spring-boot-web-server-4.0.7.jar:4.0.7]
	at org.springframework.context.support.AbstractApplicationContext.close(AbstractApplicationContext.java:1153) ~[spring-context-7.0.8.jar:7.0.8]
	at org.springframework.boot.SpringApplicationShutdownHook.closeAndWait(SpringApplicationShutdownHook.java:147) ~[spring-boot-4.0.7.jar:4.0.7]
	at java.base/java.lang.Iterable.forEach(Iterable.java:75) ~[na:na]
	at org.springframework.boot.SpringApplicationShutdownHook.run(SpringApplicationShutdownHook.java:116) ~[spring-boot-4.0.7.jar:4.0.7]
	at java.base/java.lang.Thread.run(Thread.java:1583) ~[na:na]

2026-09-06T16:01:10.482+02:00  INFO 12046 --- [user-service] [SpringApplicationShutdownHook] com.netflix.discovery.DiscoveryClient    : Completed shut down of DiscoveryClient
2026-09-06T16:14:57.044+02:00  INFO 13289 --- [user-service] [main] com.ecommerce.user.UserApplication       : Starting UserApplication using Java 21.0.10 with PID 13289 (/Users/limon/Documents/SehrishWrokspace/eCommerceMicroservice/ecom-microservices/user/user/target/classes started by limon in /Users/limon/Documents/SehrishWrokspace/eCommerceMicroservice/ecom-microservices)
2026-09-06T16:14:57.047+02:00  INFO 13289 --- [user-service] [main] com.ecommerce.user.UserApplication       : No active profile set, falling back to 1 default profile: "default"
2026-09-06T16:14:57.082+02:00  INFO 13289 --- [user-service] [main] o.s.c.c.c.ConfigServerConfigDataLoader   : Fetching config from server at : http://localhost:8888
2026-09-06T16:14:57.082+02:00  INFO 13289 --- [user-service] [main] o.s.c.c.c.ConfigServerConfigDataLoader   : Located environment: name=user-service, profiles=[default], label=null, version=null, state=null
2026-09-06T16:14:58.229+02:00  INFO 13289 --- [user-service] [main] .s.d.r.c.RepositoryConfigurationDelegate : Bootstrapping Spring Data JPA repositories in DEFAULT mode.
2026-09-06T16:14:58.487+02:00  INFO 13289 --- [user-service] [main] .s.d.r.c.RepositoryConfigurationDelegate : Finished Spring Data repository scanning in 244 ms. Found 1 JPA repository interface.
2026-09-06T16:14:58.825+02:00  INFO 13289 --- [user-service] [main] faultConfiguringBeanFactoryPostProcessor : No bean named 'errorChannel' has been explicitly defined. Therefore, a default PublishSubscribeChannel will be created.
2026-09-06T16:14:58.842+02:00  INFO 13289 --- [user-service] [main] faultConfiguringBeanFactoryPostProcessor : No bean named 'integrationHeaderChannelRegistry' has been explicitly defined. Therefore, a default DefaultHeaderChannelRegistry will be created.
2026-09-06T16:14:58.933+02:00  INFO 13289 --- [user-service] [main] o.s.cloud.context.scope.GenericScope     : BeanFactory id=64650117-d9d4-3beb-956c-0e4bb8f2c929
2026-09-06T16:14:59.430+02:00  INFO 13289 --- [user-service] [main] o.s.boot.tomcat.TomcatWebServer          : Tomcat initialized with port 8082 (http)
2026-09-06T16:14:59.445+02:00  INFO 13289 --- [user-service] [main] o.apache.catalina.core.StandardService   : Starting service [Tomcat]
2026-09-06T16:14:59.445+02:00  INFO 13289 --- [user-service] [main] o.apache.catalina.core.StandardEngine    : Starting Servlet engine: [Apache Tomcat/11.0.22]
2026-09-06T16:14:59.497+02:00  INFO 13289 --- [user-service] [main] b.w.c.s.WebApplicationContextInitializer : Root WebApplicationContext: initialization completed in 2412 ms
2026-09-06T16:14:59.899+02:00  INFO 13289 --- [user-service] [main] org.hibernate.orm.jpa                    : HHH008540: Processing PersistenceUnitInfo [name: default]
2026-09-06T16:15:00.009+02:00  INFO 13289 --- [user-service] [main] org.hibernate.orm.core                   : HHH000001: Hibernate ORM core version 7.2.19.Final
2026-09-06T16:15:00.507+02:00  INFO 13289 --- [user-service] [main] o.s.o.j.p.SpringPersistenceUnitInfo      : No LoadTimeWeaver setup: ignoring JPA class transformer
2026-09-06T16:15:00.540+02:00  INFO 13289 --- [user-service] [main] com.zaxxer.hikari.HikariDataSource       : HikariPool-1 - Starting...
2026-09-06T16:15:00.756+02:00  INFO 13289 --- [user-service] [main] com.zaxxer.hikari.pool.HikariPool        : HikariPool-1 - Added connection org.postgresql.jdbc.PgConnection@4e6add8d
2026-09-06T16:15:00.758+02:00  INFO 13289 --- [user-service] [main] com.zaxxer.hikari.HikariDataSource       : HikariPool-1 - Start completed.
2026-09-06T16:15:00.796+02:00  WARN 13289 --- [user-service] [main] org.hibernate.orm.deprecation            : HHH90000025: PostgreSQLDialect does not need to be specified explicitly using 'hibernate.dialect' (remove the property setting and it will be selected by default)
2026-09-06T16:15:00.819+02:00  INFO 13289 --- [user-service] [main] org.hibernate.orm.connections.pooling    : HHH10001005: Database info:
	Database JDBC URL [jdbc:postgresql://localhost:5432/ecommerce]
	Database driver: PostgreSQL JDBC Driver
	Database dialect: PostgreSQLDialect
	Database version: 17.11
	Default catalog/schema: ecommerce/public
	Autocommit mode: undefined/unknown
	Isolation level: READ_COMMITTED [default READ_COMMITTED]
	JDBC fetch size: none
	Pool: DataSourceConnectionProvider
	Minimum pool size: undefined/unknown
	Maximum pool size: undefined/unknown
2026-09-06T16:15:01.903+02:00  INFO 13289 --- [user-service] [main] org.hibernate.orm.core                   : HHH000489: No JTA platform available (set 'hibernate.transaction.jta.platform' to enable JTA platform integration)
2026-09-06T16:15:02.017+02:00  INFO 13289 --- [user-service] [main] j.LocalContainerEntityManagerFactoryBean : Initialized JPA EntityManagerFactory for persistence unit 'default'
2026-09-06T16:15:02.119+02:00  INFO 13289 --- [user-service] [main] o.s.d.j.r.query.QueryEnhancerFactories   : Hibernate is in classpath; If applicable, HQL parser will be used.
2026-09-06T16:15:02.434+02:00  WARN 13289 --- [user-service] [main] JpaBaseConfiguration$JpaWebConfiguration : spring.jpa.open-in-view is enabled by default. Therefore, database queries may be performed during view rendering. Explicitly configure spring.jpa.open-in-view to disable this warning
2026-09-06T16:15:02.948+02:00  INFO 13289 --- [user-service] [main] o.s.c.s.m.DirectWithAttributesChannel    : Channel 'user-service.springCloudBusInput' has 1 subscriber(s).
2026-09-06T16:15:03.741+02:00  INFO 13289 --- [user-service] [main] DiscoveryClientOptionalArgsConfiguration : Eureka HTTP Client uses RestClient.
2026-09-06T16:15:03.790+02:00  WARN 13289 --- [user-service] [main] iguration$LoadBalancerCaffeineWarnLogger : Spring Cloud LoadBalancer is currently working with the default cache. While this cache implementation is useful for development and tests, it's recommended to use Caffeine cache in production.You can switch to using Caffeine cache, by adding it and org.springframework.cache.caffeine.CaffeineCacheManager to the classpath.
2026-09-06T16:15:03.797+02:00  INFO 13289 --- [user-service] [main] o.s.b.a.e.web.EndpointLinksResolver      : Exposing 24 endpoints beneath base path '/actuator'
2026-09-06T16:15:03.912+02:00  INFO 13289 --- [user-service] [main] o.s.i.endpoint.EventDrivenConsumer       : Adding {logging-channel-adapter:_org.springframework.integration.errorLogger} as a subscriber to the 'errorChannel' channel
2026-09-06T16:15:03.912+02:00  INFO 13289 --- [user-service] [main] o.s.i.channel.PublishSubscribeChannel    : Channel 'user-service.errorChannel' has 1 subscriber(s).
2026-09-06T16:15:03.912+02:00  INFO 13289 --- [user-service] [main] o.s.i.endpoint.EventDrivenConsumer       : started bean '_org.springframework.integration.errorLogger'
2026-09-06T16:15:03.961+02:00  INFO 13289 --- [user-service] [main] o.s.c.n.eureka.InstanceInfoFactory       : Setting initial instance status as: STARTING
2026-09-06T16:15:03.997+02:00  INFO 13289 --- [user-service] [main] com.netflix.discovery.DiscoveryClient    : Initializing Eureka in region us-east-1
2026-09-06T16:15:04.001+02:00  INFO 13289 --- [user-service] [main] c.n.d.s.r.aws.ConfigClusterResolver      : Resolving eureka endpoints via configuration
2026-09-06T16:15:04.009+02:00  INFO 13289 --- [user-service] [main] com.netflix.discovery.DiscoveryClient    : Disable delta property : false
2026-09-06T16:15:04.009+02:00  INFO 13289 --- [user-service] [main] com.netflix.discovery.DiscoveryClient    : Single vip registry refresh property : null
2026-09-06T16:15:04.010+02:00  INFO 13289 --- [user-service] [main] com.netflix.discovery.DiscoveryClient    : Force full registry fetch : false
2026-09-06T16:15:04.010+02:00  INFO 13289 --- [user-service] [main] com.netflix.discovery.DiscoveryClient    : Application is null : false
2026-09-06T16:15:04.010+02:00  INFO 13289 --- [user-service] [main] com.netflix.discovery.DiscoveryClient    : Registered Applications size is zero : true
2026-09-06T16:15:04.010+02:00  INFO 13289 --- [user-service] [main] com.netflix.discovery.DiscoveryClient    : Application version is -1: true
2026-09-06T16:15:04.010+02:00  INFO 13289 --- [user-service] [main] com.netflix.discovery.DiscoveryClient    : Getting all instance registry info from the eureka server
2026-09-06T16:15:04.366+02:00  INFO 13289 --- [user-service] [main] com.netflix.discovery.DiscoveryClient    : The response status is 200
2026-09-06T16:15:04.367+02:00  INFO 13289 --- [user-service] [main] com.netflix.discovery.DiscoveryClient    : Starting heartbeat executor: renew interval is: 30
2026-09-06T16:15:04.369+02:00  INFO 13289 --- [user-service] [main] c.n.discovery.InstanceInfoReplicator     : InstanceInfoReplicator onDemand update allowed rate per min is 4
2026-09-06T16:15:04.371+02:00  INFO 13289 --- [user-service] [main] com.netflix.discovery.DiscoveryClient    : Discovery Client initialized at timestamp 1788704104370 with initial instances count: 2
2026-09-06T16:15:04.375+02:00  INFO 13289 --- [user-service] [main] o.s.c.n.e.s.EurekaServiceRegistry        : Registering application USER-SERVICE with eureka with status UP
2026-09-06T16:15:04.375+02:00  INFO 13289 --- [user-service] [main] com.netflix.discovery.DiscoveryClient    : Saw local status change event StatusChangeEvent [timestamp=1788704104375, current=UP, previous=STARTING]
2026-09-06T16:15:04.376+02:00  INFO 13289 --- [user-service] [DiscoveryClient-InstanceInfoReplicator-%d] com.netflix.discovery.DiscoveryClient    : DiscoveryClient_USER-SERVICE/macbookpro:user-service:8082: registering service...
2026-09-06T16:15:04.377+02:00  INFO 13289 --- [user-service] [main] o.s.c.s.binder.DefaultBinderFactory      : Creating binder: rabbit
2026-09-06T16:15:04.377+02:00  INFO 13289 --- [user-service] [main] o.s.c.s.binder.DefaultBinderFactory      : Constructing binder child context for rabbit
2026-09-06T16:15:04.417+02:00  INFO 13289 --- [user-service] [DiscoveryClient-InstanceInfoReplicator-%d] com.netflix.discovery.DiscoveryClient    : DiscoveryClient_USER-SERVICE/macbookpro:user-service:8082 - registration status: 204
2026-09-06T16:15:04.463+02:00  INFO 13289 --- [user-service] [main] o.s.c.s.binder.DefaultBinderFactory      : Caching the binder: rabbit
2026-09-06T16:15:04.473+02:00  INFO 13289 --- [user-service] [main] c.s.b.r.p.RabbitExchangeQueueProvisioner : declaring queue for inbound: springCloudBus.anonymous.A2fmgm2xRluDfB0arWf3wg, bound to: springCloudBus
2026-09-06T16:15:04.478+02:00  INFO 13289 --- [user-service] [main] o.s.a.r.c.CachingConnectionFactory       : Attempting to connect to: [localhost:5672]
2026-09-06T16:15:04.587+02:00  INFO 13289 --- [user-service] [main] o.s.a.r.c.CachingConnectionFactory       : Created new connection: rabbitConnectionFactory#ae094e8:0/SimpleConnection@60a0094a [delegate=amqp://rabbit@127.0.0.1:5672/, localPort=53532]
2026-09-06T16:15:04.671+02:00  INFO 13289 --- [user-service] [main] o.s.c.stream.binder.BinderErrorChannel   : Channel 'rabbit-2115728654.springCloudBusInput.errors' has 1 subscriber(s).
2026-09-06T16:15:04.673+02:00  INFO 13289 --- [user-service] [main] o.s.c.stream.binder.BinderErrorChannel   : Channel 'rabbit-2115728654.springCloudBusInput.errors' has 2 subscriber(s).
2026-09-06T16:15:04.700+02:00  INFO 13289 --- [user-service] [main] o.s.i.a.i.AmqpInboundChannelAdapter      : started bean 'inbound.springCloudBus.anonymous.A2fmgm2xRluDfB0arWf3wg'
2026-09-06T16:15:04.715+02:00  INFO 13289 --- [user-service] [main] o.s.boot.tomcat.TomcatWebServer          : Tomcat started on port 8082 (http) with context path '/'
2026-09-06T16:15:04.716+02:00  INFO 13289 --- [user-service] [main] .s.c.n.e.s.EurekaAutoServiceRegistration : Updating port to 8082
2026-09-06T16:15:04.776+02:00  INFO 13289 --- [user-service] [main] com.ecommerce.user.UserApplication       : Started UserApplication in 8.873 seconds (process running for 9.782)
2026-09-06T16:15:08.249+02:00  INFO 13289 --- [user-service] [SpringApplicationShutdownHook] o.s.c.n.e.s.EurekaServiceRegistry        : Unregistering application USER-SERVICE with eureka with status DOWN
2026-09-06T16:15:08.249+02:00  INFO 13289 --- [user-service] [SpringApplicationShutdownHook] com.netflix.discovery.DiscoveryClient    : Saw local status change event StatusChangeEvent [timestamp=1788704108249, current=DOWN, previous=UP]
2026-09-06T16:15:08.251+02:00  INFO 13289 --- [user-service] [DiscoveryClient-InstanceInfoReplicator-%d] com.netflix.discovery.DiscoveryClient    : DiscoveryClient_USER-SERVICE/macbookpro:user-service:8082: registering service...
2026-09-06T16:15:08.257+02:00  INFO 13289 --- [user-service] [SpringApplicationShutdownHook] o.s.boot.tomcat.GracefulShutdown         : Commencing graceful shutdown. Waiting for active requests to complete
2026-09-06T16:15:08.258+02:00  INFO 13289 --- [user-service] [DiscoveryClient-InstanceInfoReplicator-%d] c.n.d.s.t.d.RedirectingEurekaHttpClient  : Request execution error. endpoint=DefaultEndpoint{ serviceUrl='http://localhost:8761/eureka/} exception=I/O error on POST request for "http://localhost:8761/eureka/apps/USER-SERVICE": localhost:8761 failed to respond

org.springframework.web.client.ResourceAccessException: I/O error on POST request for "http://localhost:8761/eureka/apps/USER-SERVICE": localhost:8761 failed to respond
	at org.springframework.web.client.DefaultRestClient$DefaultRequestBodyUriSpec.createResourceAccessException(DefaultRestClient.java:779) ~[spring-web-7.0.8.jar:7.0.8]
	at org.springframework.web.client.DefaultRestClient$DefaultRequestBodyUriSpec.exchangeInternal(DefaultRestClient.java:624) ~[spring-web-7.0.8.jar:7.0.8]
	at org.springframework.web.client.DefaultRestClient$DefaultRequestBodyUriSpec.exchange(DefaultRestClient.java:572) ~[spring-web-7.0.8.jar:7.0.8]
	at org.springframework.web.client.RestClient$RequestHeadersSpec.exchange(RestClient.java:747) ~[spring-web-7.0.8.jar:7.0.8]
	at org.springframework.web.client.DefaultRestClient$DefaultResponseSpec.executeAndExtract(DefaultRestClient.java:924) ~[spring-web-7.0.8.jar:7.0.8]
	at org.springframework.web.client.DefaultRestClient$DefaultResponseSpec.toBodilessEntity(DefaultRestClient.java:888) ~[spring-web-7.0.8.jar:7.0.8]
	at org.springframework.cloud.netflix.eureka.http.RestClientEurekaHttpClient.register(RestClientEurekaHttpClient.java:64) ~[spring-cloud-netflix-eureka-client-5.0.2.jar:5.0.2]
	at com.netflix.discovery.shared.transport.decorator.EurekaHttpClientDecorator$1.execute(EurekaHttpClientDecorator.java:59) ~[eureka-client-2.0.6.jar:2.0.6]
	at com.netflix.discovery.shared.transport.decorator.RedirectingEurekaHttpClient.execute(RedirectingEurekaHttpClient.java:90) ~[eureka-client-2.0.6.jar:2.0.6]
	at com.netflix.discovery.shared.transport.decorator.EurekaHttpClientDecorator.register(EurekaHttpClientDecorator.java:56) ~[eureka-client-2.0.6.jar:2.0.6]
	at com.netflix.discovery.shared.transport.decorator.EurekaHttpClientDecorator$1.execute(EurekaHttpClientDecorator.java:59) ~[eureka-client-2.0.6.jar:2.0.6]
	at com.netflix.discovery.shared.transport.decorator.RetryableEurekaHttpClient.execute(RetryableEurekaHttpClient.java:120) ~[eureka-client-2.0.6.jar:2.0.6]
	at com.netflix.discovery.shared.transport.decorator.EurekaHttpClientDecorator.register(EurekaHttpClientDecorator.java:56) ~[eureka-client-2.0.6.jar:2.0.6]
	at com.netflix.discovery.shared.transport.decorator.EurekaHttpClientDecorator$1.execute(EurekaHttpClientDecorator.java:59) ~[eureka-client-2.0.6.jar:2.0.6]
	at com.netflix.discovery.shared.transport.decorator.SessionedEurekaHttpClient.execute(SessionedEurekaHttpClient.java:76) ~[eureka-client-2.0.6.jar:2.0.6]
	at com.netflix.discovery.shared.transport.decorator.EurekaHttpClientDecorator.register(EurekaHttpClientDecorator.java:56) ~[eureka-client-2.0.6.jar:2.0.6]
	at com.netflix.discovery.DiscoveryClient.register(DiscoveryClient.java:843) ~[eureka-client-2.0.6.jar:2.0.6]
	at com.netflix.discovery.InstanceInfoReplicator.run(InstanceInfoReplicator.java:125) ~[eureka-client-2.0.6.jar:2.0.6]
	at com.netflix.discovery.InstanceInfoReplicator$2.run(InstanceInfoReplicator.java:105) ~[eureka-client-2.0.6.jar:2.0.6]
	at java.base/java.util.concurrent.Executors$RunnableAdapter.call(Executors.java:572) ~[na:na]
	at java.base/java.util.concurrent.FutureTask.run(FutureTask.java:317) ~[na:na]
	at java.base/java.util.concurrent.ScheduledThreadPoolExecutor$ScheduledFutureTask.run(ScheduledThreadPoolExecutor.java:304) ~[na:na]
	at java.base/java.util.concurrent.ThreadPoolExecutor.runWorker(ThreadPoolExecutor.java:1144) ~[na:na]
	at java.base/java.util.concurrent.ThreadPoolExecutor$Worker.run(ThreadPoolExecutor.java:642) ~[na:na]
	at java.base/java.lang.Thread.run(Thread.java:1583) ~[na:na]
Caused by: org.apache.hc.core5.http.NoHttpResponseException: localhost:8761 failed to respond
	at org.apache.hc.core5.http.impl.io.DefaultBHttpClientConnection.receiveResponseHeader(DefaultBHttpClientConnection.java:333) ~[httpcore5-5.3.6.jar:5.3.6]
	at org.apache.hc.core5.http.impl.io.HttpRequestExecutor.execute(HttpRequestExecutor.java:196) ~[httpcore5-5.3.6.jar:5.3.6]
	at org.apache.hc.client5.http.impl.classic.InternalExecRuntime.lambda$execute$0(InternalExecRuntime.java:236) ~[httpclient5-5.5.2.jar:5.5.2]
	at org.apache.hc.client5.http.impl.io.PoolingHttpClientConnectionManager$InternalConnectionEndpoint.execute(PoolingHttpClientConnectionManager.java:798) ~[httpclient5-5.5.2.jar:5.5.2]
	at org.apache.hc.client5.http.impl.classic.InternalExecRuntime.execute(InternalExecRuntime.java:233) ~[httpclient5-5.5.2.jar:5.5.2]
	at org.apache.hc.client5.http.impl.classic.MainClientExec.execute(MainClientExec.java:120) ~[httpclient5-5.5.2.jar:5.5.2]
	at org.apache.hc.client5.http.impl.classic.ExecChainElement.execute(ExecChainElement.java:51) ~[httpclient5-5.5.2.jar:5.5.2]
	at org.apache.hc.client5.http.impl.classic.ConnectExec.execute(ConnectExec.java:200) ~[httpclient5-5.5.2.jar:5.5.2]
	at org.apache.hc.client5.http.impl.classic.ExecChainElement.execute(ExecChainElement.java:51) ~[httpclient5-5.5.2.jar:5.5.2]
	at org.apache.hc.client5.http.impl.classic.ProtocolExec.execute(ProtocolExec.java:195) ~[httpclient5-5.5.2.jar:5.5.2]
	at org.apache.hc.client5.http.impl.classic.ExecChainElement.execute(ExecChainElement.java:51) ~[httpclient5-5.5.2.jar:5.5.2]
	at org.apache.hc.client5.http.impl.classic.ContentCompressionExec.execute(ContentCompressionExec.java:168) ~[httpclient5-5.5.2.jar:5.5.2]
	at org.apache.hc.client5.http.impl.classic.ExecChainElement.execute(ExecChainElement.java:51) ~[httpclient5-5.5.2.jar:5.5.2]
	at org.apache.hc.client5.http.impl.classic.HttpRequestRetryExec.execute(HttpRequestRetryExec.java:112) ~[httpclient5-5.5.2.jar:5.5.2]
	at org.apache.hc.client5.http.impl.classic.ExecChainElement.execute(ExecChainElement.java:51) ~[httpclient5-5.5.2.jar:5.5.2]
	at org.apache.hc.client5.http.impl.classic.RedirectExec.execute(RedirectExec.java:110) ~[httpclient5-5.5.2.jar:5.5.2]
	at org.apache.hc.client5.http.impl.classic.ExecChainElement.execute(ExecChainElement.java:51) ~[httpclient5-5.5.2.jar:5.5.2]
	at org.apache.hc.client5.http.impl.classic.InternalHttpClient.doExecute(InternalHttpClient.java:185) ~[httpclient5-5.5.2.jar:5.5.2]
	at org.apache.hc.client5.http.impl.classic.CloseableHttpClient.execute(CloseableHttpClient.java:87) ~[httpclient5-5.5.2.jar:5.5.2]
	at org.apache.hc.client5.http.impl.classic.CloseableHttpClient.execute(CloseableHttpClient.java:55) ~[httpclient5-5.5.2.jar:5.5.2]
	at org.apache.hc.client5.http.classic.HttpClient.executeOpen(HttpClient.java:183) ~[httpclient5-5.5.2.jar:5.5.2]
	at org.springframework.http.client.HttpComponentsClientHttpRequest.executeInternal(HttpComponentsClientHttpRequest.java:99) ~[spring-web-7.0.8.jar:7.0.8]
	at org.springframework.http.client.AbstractStreamingClientHttpRequest.executeInternal(AbstractStreamingClientHttpRequest.java:87) ~[spring-web-7.0.8.jar:7.0.8]
	at org.springframework.http.client.AbstractClientHttpRequest.execute(AbstractClientHttpRequest.java:80) ~[spring-web-7.0.8.jar:7.0.8]
	at org.springframework.http.client.AbstractBufferingClientHttpRequest.executeWithRequestAndBody(AbstractBufferingClientHttpRequest.java:89) ~[spring-web-7.0.8.jar:7.0.8]
	at org.springframework.http.client.InterceptingClientHttpRequest$EndOfChainRequestExecution.execute(InterceptingClientHttpRequest.java:102) ~[spring-web-7.0.8.jar:7.0.8]
	at org.springframework.cloud.netflix.eureka.http.RestClientTransportClientFactory.lambda$newClient$2(RestClientTransportClientFactory.java:98) ~[spring-cloud-netflix-eureka-client-5.0.2.jar:5.0.2]
	at org.springframework.http.client.ClientHttpRequestInterceptor.lambda$apply$0(ClientHttpRequestInterceptor.java:89) ~[spring-web-7.0.8.jar:7.0.8]
	at org.springframework.http.client.InterceptingClientHttpRequest.executeInternal(InterceptingClientHttpRequest.java:73) ~[spring-web-7.0.8.jar:7.0.8]
	at org.springframework.http.client.AbstractBufferingClientHttpRequest.executeInternal(AbstractBufferingClientHttpRequest.java:50) ~[spring-web-7.0.8.jar:7.0.8]
	at org.springframework.http.client.AbstractClientHttpRequest.execute(AbstractClientHttpRequest.java:80) ~[spring-web-7.0.8.jar:7.0.8]
	at org.springframework.web.client.DefaultRestClient$DefaultRequestBodyUriSpec.exchangeInternal(DefaultRestClient.java:614) ~[spring-web-7.0.8.jar:7.0.8]
	... 23 common frames omitted

2026-09-06T16:15:08.269+02:00  WARN 13289 --- [user-service] [DiscoveryClient-InstanceInfoReplicator-%d] c.n.d.s.t.d.RetryableEurekaHttpClient    : Request execution failed with message: I/O error on POST request for "http://localhost:8761/eureka/apps/USER-SERVICE": localhost:8761 failed to respond
2026-09-06T16:15:08.279+02:00  INFO 13289 --- [user-service] [DiscoveryClient-InstanceInfoReplicator-%d] c.n.d.s.t.d.RedirectingEurekaHttpClient  : Request execution error. endpoint=DefaultEndpoint{ serviceUrl='http://localhost:8761/eureka/}, exception=I/O error on POST request for "http://localhost:8761/eureka/apps/USER-SERVICE": localhost:8761 failed to respond

org.springframework.web.client.ResourceAccessException: I/O error on POST request for "http://localhost:8761/eureka/apps/USER-SERVICE": localhost:8761 failed to respond
	at org.springframework.web.client.DefaultRestClient$DefaultRequestBodyUriSpec.createResourceAccessException(DefaultRestClient.java:779) ~[spring-web-7.0.8.jar:7.0.8]
	at org.springframework.web.client.DefaultRestClient$DefaultRequestBodyUriSpec.exchangeInternal(DefaultRestClient.java:624) ~[spring-web-7.0.8.jar:7.0.8]
	at org.springframework.web.client.DefaultRestClient$DefaultRequestBodyUriSpec.exchange(DefaultRestClient.java:572) ~[spring-web-7.0.8.jar:7.0.8]
	at org.springframework.web.client.RestClient$RequestHeadersSpec.exchange(RestClient.java:747) ~[spring-web-7.0.8.jar:7.0.8]
	at org.springframework.web.client.DefaultRestClient$DefaultResponseSpec.executeAndExtract(DefaultRestClient.java:924) ~[spring-web-7.0.8.jar:7.0.8]
	at org.springframework.web.client.DefaultRestClient$DefaultResponseSpec.toBodilessEntity(DefaultRestClient.java:888) ~[spring-web-7.0.8.jar:7.0.8]
	at org.springframework.cloud.netflix.eureka.http.RestClientEurekaHttpClient.register(RestClientEurekaHttpClient.java:64) ~[spring-cloud-netflix-eureka-client-5.0.2.jar:5.0.2]
	at com.netflix.discovery.shared.transport.decorator.EurekaHttpClientDecorator$1.execute(EurekaHttpClientDecorator.java:59) ~[eureka-client-2.0.6.jar:2.0.6]
	at com.netflix.discovery.shared.transport.decorator.RedirectingEurekaHttpClient.executeOnNewServer(RedirectingEurekaHttpClient.java:120) ~[eureka-client-2.0.6.jar:2.0.6]
	at com.netflix.discovery.shared.transport.decorator.RedirectingEurekaHttpClient.execute(RedirectingEurekaHttpClient.java:79) ~[eureka-client-2.0.6.jar:2.0.6]
	at com.netflix.discovery.shared.transport.decorator.EurekaHttpClientDecorator.register(EurekaHttpClientDecorator.java:56) ~[eureka-client-2.0.6.jar:2.0.6]
	at com.netflix.discovery.shared.transport.decorator.EurekaHttpClientDecorator$1.execute(EurekaHttpClientDecorator.java:59) ~[eureka-client-2.0.6.jar:2.0.6]
	at com.netflix.discovery.shared.transport.decorator.RetryableEurekaHttpClient.execute(RetryableEurekaHttpClient.java:120) ~[eureka-client-2.0.6.jar:2.0.6]
	at com.netflix.discovery.shared.transport.decorator.EurekaHttpClientDecorator.register(EurekaHttpClientDecorator.java:56) ~[eureka-client-2.0.6.jar:2.0.6]
	at com.netflix.discovery.shared.transport.decorator.EurekaHttpClientDecorator$1.execute(EurekaHttpClientDecorator.java:59) ~[eureka-client-2.0.6.jar:2.0.6]
	at com.netflix.discovery.shared.transport.decorator.SessionedEurekaHttpClient.execute(SessionedEurekaHttpClient.java:76) ~[eureka-client-2.0.6.jar:2.0.6]
	at com.netflix.discovery.shared.transport.decorator.EurekaHttpClientDecorator.register(EurekaHttpClientDecorator.java:56) ~[eureka-client-2.0.6.jar:2.0.6]
	at com.netflix.discovery.DiscoveryClient.register(DiscoveryClient.java:843) ~[eureka-client-2.0.6.jar:2.0.6]
	at com.netflix.discovery.InstanceInfoReplicator.run(InstanceInfoReplicator.java:125) ~[eureka-client-2.0.6.jar:2.0.6]
	at com.netflix.discovery.InstanceInfoReplicator$2.run(InstanceInfoReplicator.java:105) ~[eureka-client-2.0.6.jar:2.0.6]
	at java.base/java.util.concurrent.Executors$RunnableAdapter.call(Executors.java:572) ~[na:na]
	at java.base/java.util.concurrent.FutureTask.run(FutureTask.java:317) ~[na:na]
	at java.base/java.util.concurrent.ScheduledThreadPoolExecutor$ScheduledFutureTask.run(ScheduledThreadPoolExecutor.java:304) ~[na:na]
	at java.base/java.util.concurrent.ThreadPoolExecutor.runWorker(ThreadPoolExecutor.java:1144) ~[na:na]
	at java.base/java.util.concurrent.ThreadPoolExecutor$Worker.run(ThreadPoolExecutor.java:642) ~[na:na]
	at java.base/java.lang.Thread.run(Thread.java:1583) ~[na:na]
Caused by: org.apache.hc.core5.http.NoHttpResponseException: localhost:8761 failed to respond
	at org.apache.hc.core5.http.impl.io.DefaultBHttpClientConnection.receiveResponseHeader(DefaultBHttpClientConnection.java:333) ~[httpcore5-5.3.6.jar:5.3.6]
	at org.apache.hc.core5.http.impl.io.HttpRequestExecutor.execute(HttpRequestExecutor.java:196) ~[httpcore5-5.3.6.jar:5.3.6]
	at org.apache.hc.client5.http.impl.classic.InternalExecRuntime.lambda$execute$0(InternalExecRuntime.java:236) ~[httpclient5-5.5.2.jar:5.5.2]
	at org.apache.hc.client5.http.impl.io.PoolingHttpClientConnectionManager$InternalConnectionEndpoint.execute(PoolingHttpClientConnectionManager.java:798) ~[httpclient5-5.5.2.jar:5.5.2]
	at org.apache.hc.client5.http.impl.classic.InternalExecRuntime.execute(InternalExecRuntime.java:233) ~[httpclient5-5.5.2.jar:5.5.2]
	at org.apache.hc.client5.http.impl.classic.MainClientExec.execute(MainClientExec.java:120) ~[httpclient5-5.5.2.jar:5.5.2]
	at org.apache.hc.client5.http.impl.classic.ExecChainElement.execute(ExecChainElement.java:51) ~[httpclient5-5.5.2.jar:5.5.2]
	at org.apache.hc.client5.http.impl.classic.ConnectExec.execute(ConnectExec.java:200) ~[httpclient5-5.5.2.jar:5.5.2]
	at org.apache.hc.client5.http.impl.classic.ExecChainElement.execute(ExecChainElement.java:51) ~[httpclient5-5.5.2.jar:5.5.2]
	at org.apache.hc.client5.http.impl.classic.ProtocolExec.execute(ProtocolExec.java:195) ~[httpclient5-5.5.2.jar:5.5.2]
	at org.apache.hc.client5.http.impl.classic.ExecChainElement.execute(ExecChainElement.java:51) ~[httpclient5-5.5.2.jar:5.5.2]
	at org.apache.hc.client5.http.impl.classic.ContentCompressionExec.execute(ContentCompressionExec.java:168) ~[httpclient5-5.5.2.jar:5.5.2]
	at org.apache.hc.client5.http.impl.classic.ExecChainElement.execute(ExecChainElement.java:51) ~[httpclient5-5.5.2.jar:5.5.2]
	at org.apache.hc.client5.http.impl.classic.HttpRequestRetryExec.execute(HttpRequestRetryExec.java:112) ~[httpclient5-5.5.2.jar:5.5.2]
	at org.apache.hc.client5.http.impl.classic.ExecChainElement.execute(ExecChainElement.java:51) ~[httpclient5-5.5.2.jar:5.5.2]
	at org.apache.hc.client5.http.impl.classic.RedirectExec.execute(RedirectExec.java:110) ~[httpclient5-5.5.2.jar:5.5.2]
	at org.apache.hc.client5.http.impl.classic.ExecChainElement.execute(ExecChainElement.java:51) ~[httpclient5-5.5.2.jar:5.5.2]
	at org.apache.hc.client5.http.impl.classic.InternalHttpClient.doExecute(InternalHttpClient.java:185) ~[httpclient5-5.5.2.jar:5.5.2]
	at org.apache.hc.client5.http.impl.classic.CloseableHttpClient.execute(CloseableHttpClient.java:87) ~[httpclient5-5.5.2.jar:5.5.2]
	at org.apache.hc.client5.http.impl.classic.CloseableHttpClient.execute(CloseableHttpClient.java:55) ~[httpclient5-5.5.2.jar:5.5.2]
	at org.apache.hc.client5.http.classic.HttpClient.executeOpen(HttpClient.java:183) ~[httpclient5-5.5.2.jar:5.5.2]
	at org.springframework.http.client.HttpComponentsClientHttpRequest.executeInternal(HttpComponentsClientHttpRequest.java:99) ~[spring-web-7.0.8.jar:7.0.8]
	at org.springframework.http.client.AbstractStreamingClientHttpRequest.executeInternal(AbstractStreamingClientHttpRequest.java:87) ~[spring-web-7.0.8.jar:7.0.8]
	at org.springframework.http.client.AbstractClientHttpRequest.execute(AbstractClientHttpRequest.java:80) ~[spring-web-7.0.8.jar:7.0.8]
	at org.springframework.http.client.AbstractBufferingClientHttpRequest.executeWithRequestAndBody(AbstractBufferingClientHttpRequest.java:89) ~[spring-web-7.0.8.jar:7.0.8]
	at org.springframework.http.client.InterceptingClientHttpRequest$EndOfChainRequestExecution.execute(InterceptingClientHttpRequest.java:102) ~[spring-web-7.0.8.jar:7.0.8]
	at org.springframework.cloud.netflix.eureka.http.RestClientTransportClientFactory.lambda$newClient$2(RestClientTransportClientFactory.java:98) ~[spring-cloud-netflix-eureka-client-5.0.2.jar:5.0.2]
	at org.springframework.http.client.ClientHttpRequestInterceptor.lambda$apply$0(ClientHttpRequestInterceptor.java:89) ~[spring-web-7.0.8.jar:7.0.8]
	at org.springframework.http.client.InterceptingClientHttpRequest.executeInternal(InterceptingClientHttpRequest.java:73) ~[spring-web-7.0.8.jar:7.0.8]
	at org.springframework.http.client.AbstractBufferingClientHttpRequest.executeInternal(AbstractBufferingClientHttpRequest.java:50) ~[spring-web-7.0.8.jar:7.0.8]
	at org.springframework.http.client.AbstractClientHttpRequest.execute(AbstractClientHttpRequest.java:80) ~[spring-web-7.0.8.jar:7.0.8]
	at org.springframework.web.client.DefaultRestClient$DefaultRequestBodyUriSpec.exchangeInternal(DefaultRestClient.java:614) ~[spring-web-7.0.8.jar:7.0.8]
	... 24 common frames omitted

2026-09-06T16:15:08.280+02:00  WARN 13289 --- [user-service] [DiscoveryClient-InstanceInfoReplicator-%d] c.n.d.s.t.d.RetryableEurekaHttpClient    : Request execution failed with message: I/O error on POST request for "http://localhost:8761/eureka/apps/USER-SERVICE": localhost:8761 failed to respond
2026-09-06T16:15:08.280+02:00  WARN 13289 --- [user-service] [DiscoveryClient-InstanceInfoReplicator-%d] com.netflix.discovery.DiscoveryClient    : DiscoveryClient_USER-SERVICE/macbookpro:user-service:8082 - registration failed Cannot execute request on any known server

com.netflix.discovery.shared.transport.TransportException: Cannot execute request on any known server
	at com.netflix.discovery.shared.transport.decorator.RetryableEurekaHttpClient.execute(RetryableEurekaHttpClient.java:112) ~[eureka-client-2.0.6.jar:2.0.6]
	at com.netflix.discovery.shared.transport.decorator.EurekaHttpClientDecorator.register(EurekaHttpClientDecorator.java:56) ~[eureka-client-2.0.6.jar:2.0.6]
	at com.netflix.discovery.shared.transport.decorator.EurekaHttpClientDecorator$1.execute(EurekaHttpClientDecorator.java:59) ~[eureka-client-2.0.6.jar:2.0.6]
	at com.netflix.discovery.shared.transport.decorator.SessionedEurekaHttpClient.execute(SessionedEurekaHttpClient.java:76) ~[eureka-client-2.0.6.jar:2.0.6]
	at com.netflix.discovery.shared.transport.decorator.EurekaHttpClientDecorator.register(EurekaHttpClientDecorator.java:56) ~[eureka-client-2.0.6.jar:2.0.6]
	at com.netflix.discovery.DiscoveryClient.register(DiscoveryClient.java:843) ~[eureka-client-2.0.6.jar:2.0.6]
	at com.netflix.discovery.InstanceInfoReplicator.run(InstanceInfoReplicator.java:125) ~[eureka-client-2.0.6.jar:2.0.6]
	at com.netflix.discovery.InstanceInfoReplicator$2.run(InstanceInfoReplicator.java:105) ~[eureka-client-2.0.6.jar:2.0.6]
	at java.base/java.util.concurrent.Executors$RunnableAdapter.call(Executors.java:572) ~[na:na]
	at java.base/java.util.concurrent.FutureTask.run(FutureTask.java:317) ~[na:na]
	at java.base/java.util.concurrent.ScheduledThreadPoolExecutor$ScheduledFutureTask.run(ScheduledThreadPoolExecutor.java:304) ~[na:na]
	at java.base/java.util.concurrent.ThreadPoolExecutor.runWorker(ThreadPoolExecutor.java:1144) ~[na:na]
	at java.base/java.util.concurrent.ThreadPoolExecutor$Worker.run(ThreadPoolExecutor.java:642) ~[na:na]
	at java.base/java.lang.Thread.run(Thread.java:1583) ~[na:na]

2026-09-06T16:15:08.281+02:00  WARN 13289 --- [user-service] [DiscoveryClient-InstanceInfoReplicator-%d] c.n.discovery.InstanceInfoReplicator     : There was a problem with the instance info replicator

com.netflix.discovery.shared.transport.TransportException: Cannot execute request on any known server
	at com.netflix.discovery.shared.transport.decorator.RetryableEurekaHttpClient.execute(RetryableEurekaHttpClient.java:112) ~[eureka-client-2.0.6.jar:2.0.6]
	at com.netflix.discovery.shared.transport.decorator.EurekaHttpClientDecorator.register(EurekaHttpClientDecorator.java:56) ~[eureka-client-2.0.6.jar:2.0.6]
	at com.netflix.discovery.shared.transport.decorator.EurekaHttpClientDecorator$1.execute(EurekaHttpClientDecorator.java:59) ~[eureka-client-2.0.6.jar:2.0.6]
	at com.netflix.discovery.shared.transport.decorator.SessionedEurekaHttpClient.execute(SessionedEurekaHttpClient.java:76) ~[eureka-client-2.0.6.jar:2.0.6]
	at com.netflix.discovery.shared.transport.decorator.EurekaHttpClientDecorator.register(EurekaHttpClientDecorator.java:56) ~[eureka-client-2.0.6.jar:2.0.6]
	at com.netflix.discovery.DiscoveryClient.register(DiscoveryClient.java:843) ~[eureka-client-2.0.6.jar:2.0.6]
	at com.netflix.discovery.InstanceInfoReplicator.run(InstanceInfoReplicator.java:125) ~[eureka-client-2.0.6.jar:2.0.6]
	at com.netflix.discovery.InstanceInfoReplicator$2.run(InstanceInfoReplicator.java:105) ~[eureka-client-2.0.6.jar:2.0.6]
	at java.base/java.util.concurrent.Executors$RunnableAdapter.call(Executors.java:572) ~[na:na]
	at java.base/java.util.concurrent.FutureTask.run(FutureTask.java:317) ~[na:na]
	at java.base/java.util.concurrent.ScheduledThreadPoolExecutor$ScheduledFutureTask.run(ScheduledThreadPoolExecutor.java:304) ~[na:na]
	at java.base/java.util.concurrent.ThreadPoolExecutor.runWorker(ThreadPoolExecutor.java:1144) ~[na:na]
	at java.base/java.util.concurrent.ThreadPoolExecutor$Worker.run(ThreadPoolExecutor.java:642) ~[na:na]
	at java.base/java.lang.Thread.run(Thread.java:1583) ~[na:na]

2026-09-06T16:15:10.270+02:00  INFO 13289 --- [user-service] [tomcat-shutdown] o.s.boot.tomcat.GracefulShutdown         : Graceful shutdown complete
2026-09-06T16:15:10.291+02:00  INFO 13289 --- [user-service] [SpringApplicationShutdownHook] o.s.a.r.l.SimpleMessageListenerContainer : Waiting for workers to finish.
2026-09-06T16:15:10.717+02:00  INFO 13289 --- [user-service] [SpringApplicationShutdownHook] o.s.a.r.l.SimpleMessageListenerContainer : Successfully waited for workers to finish.
2026-09-06T16:15:10.717+02:00  INFO 13289 --- [user-service] [SpringApplicationShutdownHook] o.s.i.a.i.AmqpInboundChannelAdapter      : stopped bean 'inbound.springCloudBus.anonymous.A2fmgm2xRluDfB0arWf3wg'
2026-09-06T16:15:10.721+02:00  INFO 13289 --- [user-service] [SpringApplicationShutdownHook] o.s.c.stream.binder.BinderErrorChannel   : Channel 'user-service.rabbit-2115728654.springCloudBusInput.errors' has 1 subscriber(s).
2026-09-06T16:15:10.722+02:00  INFO 13289 --- [user-service] [SpringApplicationShutdownHook] o.s.c.stream.binder.BinderErrorChannel   : Channel 'user-service.rabbit-2115728654.springCloudBusInput.errors' has 0 subscriber(s).
2026-09-06T16:15:10.766+02:00  INFO 13289 --- [user-service] [SpringApplicationShutdownHook] o.s.i.endpoint.EventDrivenConsumer       : Removing {logging-channel-adapter:_org.springframework.integration.errorLogger} as a subscriber to the 'errorChannel' channel
2026-09-06T16:15:10.766+02:00  INFO 13289 --- [user-service] [SpringApplicationShutdownHook] o.s.i.channel.PublishSubscribeChannel    : Channel 'user-service.errorChannel' has 0 subscriber(s).
2026-09-06T16:15:10.767+02:00  INFO 13289 --- [user-service] [SpringApplicationShutdownHook] o.s.i.endpoint.EventDrivenConsumer       : stopped bean '_org.springframework.integration.errorLogger'
2026-09-06T16:15:10.777+02:00  INFO 13289 --- [user-service] [SpringApplicationShutdownHook] j.LocalContainerEntityManagerFactoryBean : Closing JPA EntityManagerFactory for persistence unit 'default'
2026-09-06T16:15:10.779+02:00  INFO 13289 --- [user-service] [SpringApplicationShutdownHook] com.zaxxer.hikari.HikariDataSource       : HikariPool-1 - Shutdown initiated...
2026-09-06T16:15:10.781+02:00  INFO 13289 --- [user-service] [SpringApplicationShutdownHook] com.zaxxer.hikari.HikariDataSource       : HikariPool-1 - Shutdown completed.
2026-09-06T16:15:10.782+02:00  INFO 13289 --- [user-service] [SpringApplicationShutdownHook] com.netflix.discovery.DiscoveryClient    : Shutting down DiscoveryClient ...
2026-09-06T16:15:13.787+02:00  INFO 13289 --- [user-service] [SpringApplicationShutdownHook] com.netflix.discovery.DiscoveryClient    : Unregistering ...
2026-09-06T16:15:13.796+02:00  INFO 13289 --- [user-service] [SpringApplicationShutdownHook] c.n.d.s.t.d.RedirectingEurekaHttpClient  : Request execution error. endpoint=DefaultEndpoint{ serviceUrl='http://localhost:8761/eureka/}, exception=I/O error on DELETE request for "http://localhost:8761/eureka/apps/USER-SERVICE/macbookpro:user-service:8082": Connect to http://localhost:8761 failed: Connection refused

org.springframework.web.client.ResourceAccessException: I/O error on DELETE request for "http://localhost:8761/eureka/apps/USER-SERVICE/macbookpro:user-service:8082": Connect to http://localhost:8761 failed: Connection refused
	at org.springframework.web.client.DefaultRestClient$DefaultRequestBodyUriSpec.createResourceAccessException(DefaultRestClient.java:779) ~[spring-web-7.0.8.jar:7.0.8]
	at org.springframework.web.client.DefaultRestClient$DefaultRequestBodyUriSpec.exchangeInternal(DefaultRestClient.java:624) ~[spring-web-7.0.8.jar:7.0.8]
	at org.springframework.web.client.DefaultRestClient$DefaultRequestBodyUriSpec.exchange(DefaultRestClient.java:572) ~[spring-web-7.0.8.jar:7.0.8]
	at org.springframework.web.client.RestClient$RequestHeadersSpec.exchange(RestClient.java:747) ~[spring-web-7.0.8.jar:7.0.8]
	at org.springframework.web.client.DefaultRestClient$DefaultResponseSpec.executeAndExtract(DefaultRestClient.java:924) ~[spring-web-7.0.8.jar:7.0.8]
	at org.springframework.web.client.DefaultRestClient$DefaultResponseSpec.toBodilessEntity(DefaultRestClient.java:888) ~[spring-web-7.0.8.jar:7.0.8]
	at org.springframework.cloud.netflix.eureka.http.RestClientEurekaHttpClient.cancel(RestClientEurekaHttpClient.java:73) ~[spring-cloud-netflix-eureka-client-5.0.2.jar:5.0.2]
	at com.netflix.discovery.shared.transport.decorator.EurekaHttpClientDecorator$2.execute(EurekaHttpClientDecorator.java:74) ~[eureka-client-2.0.6.jar:2.0.6]
	at com.netflix.discovery.shared.transport.decorator.RedirectingEurekaHttpClient.executeOnNewServer(RedirectingEurekaHttpClient.java:120) ~[eureka-client-2.0.6.jar:2.0.6]
	at com.netflix.discovery.shared.transport.decorator.RedirectingEurekaHttpClient.execute(RedirectingEurekaHttpClient.java:79) ~[eureka-client-2.0.6.jar:2.0.6]
	at com.netflix.discovery.shared.transport.decorator.EurekaHttpClientDecorator.cancel(EurekaHttpClientDecorator.java:71) ~[eureka-client-2.0.6.jar:2.0.6]
	at com.netflix.discovery.shared.transport.decorator.EurekaHttpClientDecorator$2.execute(EurekaHttpClientDecorator.java:74) ~[eureka-client-2.0.6.jar:2.0.6]
	at com.netflix.discovery.shared.transport.decorator.RetryableEurekaHttpClient.execute(RetryableEurekaHttpClient.java:120) ~[eureka-client-2.0.6.jar:2.0.6]
	at com.netflix.discovery.shared.transport.decorator.EurekaHttpClientDecorator.cancel(EurekaHttpClientDecorator.java:71) ~[eureka-client-2.0.6.jar:2.0.6]
	at com.netflix.discovery.shared.transport.decorator.EurekaHttpClientDecorator$2.execute(EurekaHttpClientDecorator.java:74) ~[eureka-client-2.0.6.jar:2.0.6]
	at com.netflix.discovery.shared.transport.decorator.SessionedEurekaHttpClient.execute(SessionedEurekaHttpClient.java:76) ~[eureka-client-2.0.6.jar:2.0.6]
	at com.netflix.discovery.shared.transport.decorator.EurekaHttpClientDecorator.cancel(EurekaHttpClientDecorator.java:71) ~[eureka-client-2.0.6.jar:2.0.6]
	at com.netflix.discovery.DiscoveryClient.unregister(DiscoveryClient.java:934) ~[eureka-client-2.0.6.jar:2.0.6]
	at com.netflix.discovery.DiscoveryClient.shutdown(DiscoveryClient.java:915) ~[eureka-client-2.0.6.jar:2.0.6]
	at java.base/jdk.internal.reflect.DirectMethodHandleAccessor.invoke(DirectMethodHandleAccessor.java:103) ~[na:na]
	at java.base/java.lang.reflect.Method.invoke(Method.java:580) ~[na:na]
	at org.springframework.beans.factory.annotation.InitDestroyAnnotationBeanPostProcessor$LifecycleMethod.invoke(InitDestroyAnnotationBeanPostProcessor.java:453) ~[spring-beans-7.0.8.jar:7.0.8]
	at org.springframework.beans.factory.annotation.InitDestroyAnnotationBeanPostProcessor$LifecycleMetadata.invokeDestroyMethods(InitDestroyAnnotationBeanPostProcessor.java:411) ~[spring-beans-7.0.8.jar:7.0.8]
	at org.springframework.beans.factory.annotation.InitDestroyAnnotationBeanPostProcessor.postProcessBeforeDestruction(InitDestroyAnnotationBeanPostProcessor.java:237) ~[spring-beans-7.0.8.jar:7.0.8]
	at org.springframework.beans.factory.support.DisposableBeanAdapter.destroy(DisposableBeanAdapter.java:200) ~[spring-beans-7.0.8.jar:7.0.8]
	at org.springframework.beans.factory.support.DisposableBeanAdapter.run(DisposableBeanAdapter.java:193) ~[spring-beans-7.0.8.jar:7.0.8]
	at org.springframework.cloud.context.scope.GenericScope$BeanLifecycleWrapper.destroy(GenericScope.java:387) ~[spring-cloud-context-5.0.3.jar:5.0.3]
	at org.springframework.cloud.context.scope.GenericScope.destroy(GenericScope.java:134) ~[spring-cloud-context-5.0.3.jar:5.0.3]
	at org.springframework.beans.factory.support.DisposableBeanAdapter.destroy(DisposableBeanAdapter.java:209) ~[spring-beans-7.0.8.jar:7.0.8]
	at org.springframework.beans.factory.support.DefaultSingletonBeanRegistry.destroyBean(DefaultSingletonBeanRegistry.java:795) ~[spring-beans-7.0.8.jar:7.0.8]
	at org.springframework.beans.factory.support.DefaultSingletonBeanRegistry.destroySingleton(DefaultSingletonBeanRegistry.java:745) ~[spring-beans-7.0.8.jar:7.0.8]
	at org.springframework.beans.factory.support.DefaultListableBeanFactory.destroySingleton(DefaultListableBeanFactory.java:1507) ~[spring-beans-7.0.8.jar:7.0.8]
	at org.springframework.beans.factory.support.DefaultSingletonBeanRegistry.destroySingletons(DefaultSingletonBeanRegistry.java:704) ~[spring-beans-7.0.8.jar:7.0.8]
	at org.springframework.beans.factory.support.DefaultListableBeanFactory.destroySingletons(DefaultListableBeanFactory.java:1500) ~[spring-beans-7.0.8.jar:7.0.8]
	at org.springframework.context.support.AbstractApplicationContext.destroyBeans(AbstractApplicationContext.java:1246) ~[spring-context-7.0.8.jar:7.0.8]
	at org.springframework.context.support.AbstractApplicationContext.doClose(AbstractApplicationContext.java:1207) ~[spring-context-7.0.8.jar:7.0.8]
	at org.springframework.boot.web.server.servlet.context.ServletWebServerApplicationContext.doClose(ServletWebServerApplicationContext.java:176) ~[spring-boot-web-server-4.0.7.jar:4.0.7]
	at org.springframework.context.support.AbstractApplicationContext.close(AbstractApplicationContext.java:1153) ~[spring-context-7.0.8.jar:7.0.8]
	at org.springframework.boot.SpringApplicationShutdownHook.closeAndWait(SpringApplicationShutdownHook.java:147) ~[spring-boot-4.0.7.jar:4.0.7]
	at java.base/java.lang.Iterable.forEach(Iterable.java:75) ~[na:na]
	at org.springframework.boot.SpringApplicationShutdownHook.run(SpringApplicationShutdownHook.java:116) ~[spring-boot-4.0.7.jar:4.0.7]
	at java.base/java.lang.Thread.run(Thread.java:1583) ~[na:na]
Caused by: org.apache.hc.client5.http.HttpHostConnectException: Connect to http://localhost:8761 failed: Connection refused
	at java.base/sun.nio.ch.Net.pollConnect(Native Method) ~[na:na]
	at java.base/sun.nio.ch.Net.pollConnectNow(Net.java:694) ~[na:na]
	at java.base/sun.nio.ch.NioSocketImpl.timedFinishConnect(NioSocketImpl.java:549) ~[na:na]
	at java.base/sun.nio.ch.NioSocketImpl.connect(NioSocketImpl.java:592) ~[na:na]
	at java.base/java.net.SocksSocketImpl.connect(SocksSocketImpl.java:327) ~[na:na]
	at java.base/java.net.Socket.connect(Socket.java:751) ~[na:na]
	at org.apache.hc.client5.http.impl.io.DefaultHttpClientConnectionOperator.connect(DefaultHttpClientConnectionOperator.java:226) ~[httpclient5-5.5.2.jar:5.5.2]
	at org.apache.hc.client5.http.impl.io.PoolingHttpClientConnectionManager.connect(PoolingHttpClientConnectionManager.java:497) ~[httpclient5-5.5.2.jar:5.5.2]
	at org.apache.hc.client5.http.impl.classic.InternalExecRuntime.connectEndpoint(InternalExecRuntime.java:164) ~[httpclient5-5.5.2.jar:5.5.2]
	at org.apache.hc.client5.http.impl.classic.InternalExecRuntime.connectEndpoint(InternalExecRuntime.java:174) ~[httpclient5-5.5.2.jar:5.5.2]
	at org.apache.hc.client5.http.impl.classic.ConnectExec.execute(ConnectExec.java:144) ~[httpclient5-5.5.2.jar:5.5.2]
	at org.apache.hc.client5.http.impl.classic.ExecChainElement.execute(ExecChainElement.java:51) ~[httpclient5-5.5.2.jar:5.5.2]
	at org.apache.hc.client5.http.impl.classic.ProtocolExec.execute(ProtocolExec.java:195) ~[httpclient5-5.5.2.jar:5.5.2]
	at org.apache.hc.client5.http.impl.classic.ExecChainElement.execute(ExecChainElement.java:51) ~[httpclient5-5.5.2.jar:5.5.2]
	at org.apache.hc.client5.http.impl.classic.ContentCompressionExec.execute(ContentCompressionExec.java:168) ~[httpclient5-5.5.2.jar:5.5.2]
	at org.apache.hc.client5.http.impl.classic.ExecChainElement.execute(ExecChainElement.java:51) ~[httpclient5-5.5.2.jar:5.5.2]
	at org.apache.hc.client5.http.impl.classic.HttpRequestRetryExec.execute(HttpRequestRetryExec.java:112) ~[httpclient5-5.5.2.jar:5.5.2]
	at org.apache.hc.client5.http.impl.classic.ExecChainElement.execute(ExecChainElement.java:51) ~[httpclient5-5.5.2.jar:5.5.2]
	at org.apache.hc.client5.http.impl.classic.RedirectExec.execute(RedirectExec.java:110) ~[httpclient5-5.5.2.jar:5.5.2]
	at org.apache.hc.client5.http.impl.classic.ExecChainElement.execute(ExecChainElement.java:51) ~[httpclient5-5.5.2.jar:5.5.2]
	at org.apache.hc.client5.http.impl.classic.InternalHttpClient.doExecute(InternalHttpClient.java:185) ~[httpclient5-5.5.2.jar:5.5.2]
	at org.apache.hc.client5.http.impl.classic.CloseableHttpClient.execute(CloseableHttpClient.java:87) ~[httpclient5-5.5.2.jar:5.5.2]
	at org.apache.hc.client5.http.impl.classic.CloseableHttpClient.execute(CloseableHttpClient.java:55) ~[httpclient5-5.5.2.jar:5.5.2]
	at org.apache.hc.client5.http.classic.HttpClient.executeOpen(HttpClient.java:183) ~[httpclient5-5.5.2.jar:5.5.2]
	at org.springframework.http.client.HttpComponentsClientHttpRequest.executeInternal(HttpComponentsClientHttpRequest.java:99) ~[spring-web-7.0.8.jar:7.0.8]
	at org.springframework.http.client.AbstractStreamingClientHttpRequest.executeInternal(AbstractStreamingClientHttpRequest.java:87) ~[spring-web-7.0.8.jar:7.0.8]
	at org.springframework.http.client.AbstractClientHttpRequest.execute(AbstractClientHttpRequest.java:80) ~[spring-web-7.0.8.jar:7.0.8]
	at org.springframework.http.client.AbstractBufferingClientHttpRequest.executeWithRequestAndBody(AbstractBufferingClientHttpRequest.java:89) ~[spring-web-7.0.8.jar:7.0.8]
	at org.springframework.http.client.InterceptingClientHttpRequest$EndOfChainRequestExecution.execute(InterceptingClientHttpRequest.java:102) ~[spring-web-7.0.8.jar:7.0.8]
	at org.springframework.cloud.netflix.eureka.http.RestClientTransportClientFactory.lambda$newClient$2(RestClientTransportClientFactory.java:98) ~[spring-cloud-netflix-eureka-client-5.0.2.jar:5.0.2]
	at org.springframework.http.client.ClientHttpRequestInterceptor.lambda$apply$0(ClientHttpRequestInterceptor.java:89) ~[spring-web-7.0.8.jar:7.0.8]
	at org.springframework.http.client.InterceptingClientHttpRequest.executeInternal(InterceptingClientHttpRequest.java:73) ~[spring-web-7.0.8.jar:7.0.8]
	at org.springframework.http.client.AbstractBufferingClientHttpRequest.executeInternal(AbstractBufferingClientHttpRequest.java:50) ~[spring-web-7.0.8.jar:7.0.8]
	at org.springframework.http.client.AbstractClientHttpRequest.execute(AbstractClientHttpRequest.java:80) ~[spring-web-7.0.8.jar:7.0.8]
	at org.springframework.web.client.DefaultRestClient$DefaultRequestBodyUriSpec.exchangeInternal(DefaultRestClient.java:614) ~[spring-web-7.0.8.jar:7.0.8]
	... 40 common frames omitted

2026-09-06T16:15:13.798+02:00  WARN 13289 --- [user-service] [SpringApplicationShutdownHook] c.n.d.s.t.d.RetryableEurekaHttpClient    : Request execution failed with message: I/O error on DELETE request for "http://localhost:8761/eureka/apps/USER-SERVICE/macbookpro:user-service:8082": Connect to http://localhost:8761 failed: Connection refused
2026-09-06T16:15:13.798+02:00 ERROR 13289 --- [user-service] [SpringApplicationShutdownHook] com.netflix.discovery.DiscoveryClient    : DiscoveryClient_USER-SERVICE/macbookpro:user-service:8082 - de-registration failedCannot execute request on any known server

com.netflix.discovery.shared.transport.TransportException: Cannot execute request on any known server
	at com.netflix.discovery.shared.transport.decorator.RetryableEurekaHttpClient.execute(RetryableEurekaHttpClient.java:112) ~[eureka-client-2.0.6.jar:2.0.6]
	at com.netflix.discovery.shared.transport.decorator.EurekaHttpClientDecorator.cancel(EurekaHttpClientDecorator.java:71) ~[eureka-client-2.0.6.jar:2.0.6]
	at com.netflix.discovery.shared.transport.decorator.EurekaHttpClientDecorator$2.execute(EurekaHttpClientDecorator.java:74) ~[eureka-client-2.0.6.jar:2.0.6]
	at com.netflix.discovery.shared.transport.decorator.SessionedEurekaHttpClient.execute(SessionedEurekaHttpClient.java:76) ~[eureka-client-2.0.6.jar:2.0.6]
	at com.netflix.discovery.shared.transport.decorator.EurekaHttpClientDecorator.cancel(EurekaHttpClientDecorator.java:71) ~[eureka-client-2.0.6.jar:2.0.6]
	at com.netflix.discovery.DiscoveryClient.unregister(DiscoveryClient.java:934) ~[eureka-client-2.0.6.jar:2.0.6]
	at com.netflix.discovery.DiscoveryClient.shutdown(DiscoveryClient.java:915) ~[eureka-client-2.0.6.jar:2.0.6]
	at java.base/jdk.internal.reflect.DirectMethodHandleAccessor.invoke(DirectMethodHandleAccessor.java:103) ~[na:na]
	at java.base/java.lang.reflect.Method.invoke(Method.java:580) ~[na:na]
	at org.springframework.beans.factory.annotation.InitDestroyAnnotationBeanPostProcessor$LifecycleMethod.invoke(InitDestroyAnnotationBeanPostProcessor.java:453) ~[spring-beans-7.0.8.jar:7.0.8]
	at org.springframework.beans.factory.annotation.InitDestroyAnnotationBeanPostProcessor$LifecycleMetadata.invokeDestroyMethods(InitDestroyAnnotationBeanPostProcessor.java:411) ~[spring-beans-7.0.8.jar:7.0.8]
	at org.springframework.beans.factory.annotation.InitDestroyAnnotationBeanPostProcessor.postProcessBeforeDestruction(InitDestroyAnnotationBeanPostProcessor.java:237) ~[spring-beans-7.0.8.jar:7.0.8]
	at org.springframework.beans.factory.support.DisposableBeanAdapter.destroy(DisposableBeanAdapter.java:200) ~[spring-beans-7.0.8.jar:7.0.8]
	at org.springframework.beans.factory.support.DisposableBeanAdapter.run(DisposableBeanAdapter.java:193) ~[spring-beans-7.0.8.jar:7.0.8]
	at org.springframework.cloud.context.scope.GenericScope$BeanLifecycleWrapper.destroy(GenericScope.java:387) ~[spring-cloud-context-5.0.3.jar:5.0.3]
	at org.springframework.cloud.context.scope.GenericScope.destroy(GenericScope.java:134) ~[spring-cloud-context-5.0.3.jar:5.0.3]
	at org.springframework.beans.factory.support.DisposableBeanAdapter.destroy(DisposableBeanAdapter.java:209) ~[spring-beans-7.0.8.jar:7.0.8]
	at org.springframework.beans.factory.support.DefaultSingletonBeanRegistry.destroyBean(DefaultSingletonBeanRegistry.java:795) ~[spring-beans-7.0.8.jar:7.0.8]
	at org.springframework.beans.factory.support.DefaultSingletonBeanRegistry.destroySingleton(DefaultSingletonBeanRegistry.java:745) ~[spring-beans-7.0.8.jar:7.0.8]
	at org.springframework.beans.factory.support.DefaultListableBeanFactory.destroySingleton(DefaultListableBeanFactory.java:1507) ~[spring-beans-7.0.8.jar:7.0.8]
	at org.springframework.beans.factory.support.DefaultSingletonBeanRegistry.destroySingletons(DefaultSingletonBeanRegistry.java:704) ~[spring-beans-7.0.8.jar:7.0.8]
	at org.springframework.beans.factory.support.DefaultListableBeanFactory.destroySingletons(DefaultListableBeanFactory.java:1500) ~[spring-beans-7.0.8.jar:7.0.8]
	at org.springframework.context.support.AbstractApplicationContext.destroyBeans(AbstractApplicationContext.java:1246) ~[spring-context-7.0.8.jar:7.0.8]
	at org.springframework.context.support.AbstractApplicationContext.doClose(AbstractApplicationContext.java:1207) ~[spring-context-7.0.8.jar:7.0.8]
	at org.springframework.boot.web.server.servlet.context.ServletWebServerApplicationContext.doClose(ServletWebServerApplicationContext.java:176) ~[spring-boot-web-server-4.0.7.jar:4.0.7]
	at org.springframework.context.support.AbstractApplicationContext.close(AbstractApplicationContext.java:1153) ~[spring-context-7.0.8.jar:7.0.8]
	at org.springframework.boot.SpringApplicationShutdownHook.closeAndWait(SpringApplicationShutdownHook.java:147) ~[spring-boot-4.0.7.jar:4.0.7]
	at java.base/java.lang.Iterable.forEach(Iterable.java:75) ~[na:na]
	at org.springframework.boot.SpringApplicationShutdownHook.run(SpringApplicationShutdownHook.java:116) ~[spring-boot-4.0.7.jar:4.0.7]
	at java.base/java.lang.Thread.run(Thread.java:1583) ~[na:na]

2026-09-06T16:15:13.799+02:00  INFO 13289 --- [user-service] [SpringApplicationShutdownHook] com.netflix.discovery.DiscoveryClient    : Completed shut down of DiscoveryClient
