2026-09-06T15:50:57.377+02:00  INFO 11371 --- [order-service] [main] com.ecommerce.order.OrderApplication     : Starting OrderApplication using Java 21.0.10 with PID 11371 (/Users/limon/Documents/SehrishWrokspace/eCommerceMicroservice/ecom-microservices/order/order/target/classes started by limon in /Users/limon/Documents/SehrishWrokspace/eCommerceMicroservice/ecom-microservices)
2026-09-06T15:50:57.380+02:00  INFO 11371 --- [order-service] [main] com.ecommerce.order.OrderApplication     : No active profile set, falling back to 1 default profile: "default"
2026-09-06T15:50:57.417+02:00  INFO 11371 --- [order-service] [main] o.s.c.c.c.ConfigServerConfigDataLoader   : Fetching config from server at : http://localhost:8888
2026-09-06T15:50:57.417+02:00  INFO 11371 --- [order-service] [main] o.s.c.c.c.ConfigServerConfigDataLoader   : Exception on Url - http://localhost:8888:org.springframework.web.client.ResourceAccessException: I/O error on GET request for "http://localhost:8888/order-service/default": Connection refused. Will be trying the next url if available
2026-09-06T15:50:57.417+02:00  WARN 11371 --- [order-service] [main] o.s.c.c.c.ConfigServerConfigDataLoader   : Could not locate PropertySource ([ConfigServerConfigDataResource@49096b06 uris = array<String>['http://localhost:8888'], optional = true, profiles = 'default']): I/O error on GET request for "http://localhost:8888/order-service/default": Connection refused
2026-09-06T15:50:57.418+02:00  INFO 11371 --- [order-service] [main] o.s.c.c.c.ConfigServerConfigDataLoader   : Fetching config from server at : http://localhost:8888
2026-09-06T15:50:57.418+02:00  INFO 11371 --- [order-service] [main] o.s.c.c.c.ConfigServerConfigDataLoader   : Exception on Url - http://localhost:8888:org.springframework.web.client.ResourceAccessException: I/O error on GET request for "http://localhost:8888/order-service/default": Connection refused. Will be trying the next url if available
2026-09-06T15:50:57.418+02:00  WARN 11371 --- [order-service] [main] o.s.c.c.c.ConfigServerConfigDataLoader   : Could not locate PropertySource ([ConfigServerConfigDataResource@31ff1390 uris = array<String>['http://localhost:8888'], optional = true, profiles = 'default']): I/O error on GET request for "http://localhost:8888/order-service/default": Connection refused
2026-09-06T15:50:57.418+02:00  INFO 11371 --- [order-service] [main] o.s.c.c.c.ConfigServerConfigDataLoader   : Fetching config from server at : http://localhost:8888
2026-09-06T15:50:57.418+02:00  INFO 11371 --- [order-service] [main] o.s.c.c.c.ConfigServerConfigDataLoader   : Exception on Url - http://localhost:8888:org.springframework.web.client.ResourceAccessException: I/O error on GET request for "http://localhost:8888/order-service/default": Connection refused. Will be trying the next url if available
2026-09-06T15:50:57.418+02:00  WARN 11371 --- [order-service] [main] o.s.c.c.c.ConfigServerConfigDataLoader   : Could not locate PropertySource ([ConfigServerConfigDataResource@759d81f3 uris = array<String>['http://localhost:8888'], optional = true, profiles = 'default']): I/O error on GET request for "http://localhost:8888/order-service/default": Connection refused
2026-09-06T15:50:58.603+02:00  INFO 11371 --- [order-service] [main] .s.d.r.c.RepositoryConfigurationDelegate : Bootstrapping Spring Data JPA repositories in DEFAULT mode.
2026-09-06T15:50:58.848+02:00  INFO 11371 --- [order-service] [main] .s.d.r.c.RepositoryConfigurationDelegate : Finished Spring Data repository scanning in 235 ms. Found 2 JPA repository interfaces.
2026-09-06T15:50:59.209+02:00  INFO 11371 --- [order-service] [main] faultConfiguringBeanFactoryPostProcessor : No bean named 'errorChannel' has been explicitly defined. Therefore, a default PublishSubscribeChannel will be created.
2026-09-06T15:50:59.224+02:00  INFO 11371 --- [order-service] [main] faultConfiguringBeanFactoryPostProcessor : No bean named 'integrationHeaderChannelRegistry' has been explicitly defined. Therefore, a default DefaultHeaderChannelRegistry will be created.
2026-09-06T15:50:59.345+02:00  INFO 11371 --- [order-service] [main] o.s.cloud.context.scope.GenericScope     : BeanFactory id=c58053ee-ef33-3c3b-9ee6-ac41bf0685bb
2026-09-06T15:50:59.836+02:00  INFO 11371 --- [order-service] [main] o.s.boot.tomcat.TomcatWebServer          : Tomcat initialized with port 8080 (http)
2026-09-06T15:50:59.851+02:00  INFO 11371 --- [order-service] [main] o.apache.catalina.core.StandardService   : Starting service [Tomcat]
2026-09-06T15:50:59.852+02:00  INFO 11371 --- [order-service] [main] o.apache.catalina.core.StandardEngine    : Starting Servlet engine: [Apache Tomcat/11.0.24]
2026-09-06T15:50:59.909+02:00  INFO 11371 --- [order-service] [main] b.w.c.s.WebApplicationContextInitializer : Root WebApplicationContext: initialization completed in 2489 ms
2026-09-06T15:51:00.156+02:00  WARN 11371 --- [order-service] [main] ConfigServletWebServerApplicationContext : Exception encountered during context initialization - cancelling refresh attempt: org.springframework.beans.factory.BeanCreationException: Error creating bean with name 'entityManagerFactory' defined in class path resource [org/springframework/boot/hibernate/autoconfigure/HibernateJpaConfiguration.class]: Failed to initialize dependency 'dataSourceScriptDatabaseInitializer' of LoadTimeWeaverAware bean 'entityManagerFactory': Error creating bean with name 'dataSourceScriptDatabaseInitializer' defined in class path resource [org/springframework/boot/jdbc/autoconfigure/DataSourceInitializationAutoConfiguration.class]: Unsatisfied dependency expressed through method 'dataSourceScriptDatabaseInitializer' parameter 0: Error creating bean with name 'dataSource' defined in class path resource [org/springframework/boot/jdbc/autoconfigure/DataSourceConfiguration$Hikari.class]: Failed to instantiate [com.zaxxer.hikari.HikariDataSource]: Factory method 'dataSource' threw exception with message: Failed to determine a suitable driver class
2026-09-06T15:51:00.159+02:00  INFO 11371 --- [order-service] [main] o.apache.catalina.core.StandardService   : Stopping service [Tomcat]
2026-09-06T15:51:00.220+02:00  INFO 11371 --- [order-service] [main] .s.b.a.l.ConditionEvaluationReportLogger : 

Error starting ApplicationContext. To display the condition evaluation report re-run your application with 'debug' enabled.
2026-09-06T15:51:00.237+02:00 ERROR 11371 --- [order-service] [main] o.s.b.d.LoggingFailureAnalysisReporter   : 

***************************
APPLICATION FAILED TO START
***************************

Description:

Failed to configure a DataSource: 'url' attribute is not specified and no embedded datasource could be configured.

Reason: Failed to determine a suitable driver class


Action:

Consider the following:
	If you want an embedded database (H2, HSQL or Derby), please put it on the classpath.
	If you have database settings to be loaded from a particular profile you may need to activate it (no profiles are currently active).

2026-09-06T16:00:21.028+02:00  INFO 12024 --- [order-service] [main] com.ecommerce.order.OrderApplication     : Starting OrderApplication using Java 21.0.10 with PID 12024 (/Users/limon/Documents/SehrishWrokspace/eCommerceMicroservice/ecom-microservices/order/order/target/classes started by limon in /Users/limon/Documents/SehrishWrokspace/eCommerceMicroservice/ecom-microservices)
2026-09-06T16:00:21.032+02:00  INFO 12024 --- [order-service] [main] com.ecommerce.order.OrderApplication     : No active profile set, falling back to 1 default profile: "default"
2026-09-06T16:00:21.077+02:00  INFO 12024 --- [order-service] [main] o.s.c.c.c.ConfigServerConfigDataLoader   : Fetching config from server at : http://localhost:8888
2026-09-06T16:00:21.078+02:00  INFO 12024 --- [order-service] [main] o.s.c.c.c.ConfigServerConfigDataLoader   : Located environment: name=order-service, profiles=[default], label=null, version=null, state=null
2026-09-06T16:00:22.220+02:00  INFO 12024 --- [order-service] [main] .s.d.r.c.RepositoryConfigurationDelegate : Bootstrapping Spring Data JPA repositories in DEFAULT mode.
2026-09-06T16:00:22.440+02:00  INFO 12024 --- [order-service] [main] .s.d.r.c.RepositoryConfigurationDelegate : Finished Spring Data repository scanning in 205 ms. Found 2 JPA repository interfaces.
2026-09-06T16:00:22.821+02:00  INFO 12024 --- [order-service] [main] faultConfiguringBeanFactoryPostProcessor : No bean named 'errorChannel' has been explicitly defined. Therefore, a default PublishSubscribeChannel will be created.
2026-09-06T16:00:22.834+02:00  INFO 12024 --- [order-service] [main] faultConfiguringBeanFactoryPostProcessor : No bean named 'integrationHeaderChannelRegistry' has been explicitly defined. Therefore, a default DefaultHeaderChannelRegistry will be created.
2026-09-06T16:00:22.950+02:00  INFO 12024 --- [order-service] [main] o.s.cloud.context.scope.GenericScope     : BeanFactory id=cda60ed3-816b-3b31-8296-6807a9a478f4
2026-09-06T16:00:23.437+02:00  INFO 12024 --- [order-service] [main] o.s.boot.tomcat.TomcatWebServer          : Tomcat initialized with port 8083 (http)
2026-09-06T16:00:23.455+02:00  INFO 12024 --- [order-service] [main] o.apache.catalina.core.StandardService   : Starting service [Tomcat]
2026-09-06T16:00:23.456+02:00  INFO 12024 --- [order-service] [main] o.apache.catalina.core.StandardEngine    : Starting Servlet engine: [Apache Tomcat/11.0.24]
2026-09-06T16:00:23.512+02:00  INFO 12024 --- [order-service] [main] b.w.c.s.WebApplicationContextInitializer : Root WebApplicationContext: initialization completed in 2432 ms
2026-09-06T16:00:23.918+02:00  INFO 12024 --- [order-service] [main] org.hibernate.orm.jpa                    : HHH008540: Processing PersistenceUnitInfo [name: default]
2026-09-06T16:00:24.004+02:00  INFO 12024 --- [order-service] [main] org.hibernate.orm.core                   : HHH000001: Hibernate ORM core version 7.4.5.Final
2026-09-06T16:00:24.608+02:00  INFO 12024 --- [order-service] [main] o.s.o.j.p.SpringPersistenceUnitInfo      : No LoadTimeWeaver setup: ignoring JPA class transformer
2026-09-06T16:00:24.673+02:00  INFO 12024 --- [order-service] [main] com.zaxxer.hikari.HikariDataSource       : HikariPool-1 - Starting...
2026-09-06T16:00:25.001+02:00  INFO 12024 --- [order-service] [main] com.zaxxer.hikari.pool.HikariPool        : HikariPool-1 - Added connection org.postgresql.jdbc.PgConnection@154cbb46
2026-09-06T16:00:25.004+02:00  INFO 12024 --- [order-service] [main] com.zaxxer.hikari.HikariDataSource       : HikariPool-1 - Start completed.
2026-09-06T16:00:25.052+02:00  WARN 12024 --- [order-service] [main] org.hibernate.orm.deprecation            : HHH90000025: PostgreSQLDialect does not need to be specified explicitly using 'hibernate.dialect' (remove the property setting and it will be selected by default)
2026-09-06T16:00:25.098+02:00  INFO 12024 --- [order-service] [main] org.hibernate.orm.connections.pooling    : HHH10001005: Database info:
	Database JDBC URL [jdbc:postgresql://localhost:5432/ecommerce]
	Database driver: PostgreSQL JDBC Driver
	Database dialect: PostgreSQLDialect
	Database version: 17.11
	Default catalog/schema: ecommerce/public
	Autocommit mode: undefined/unknown
	Isolation level: READ_COMMITTED [default READ_COMMITTED]
	JDBC fetch size: none
	Pool: DataSourceConnectionProvider
	Minimum pool size: undefined/unknown
	Maximum pool size: undefined/unknown
2026-09-06T16:00:27.192+02:00  INFO 12024 --- [order-service] [main] org.hibernate.orm.core                   : HHH000489: No JTA platform available (set 'hibernate.transaction.jta.platform' to enable JTA platform integration)
2026-09-06T16:00:27.347+02:00  INFO 12024 --- [order-service] [main] j.LocalContainerEntityManagerFactoryBean : Initialized JPA EntityManagerFactory for persistence unit 'default'
2026-09-06T16:00:27.463+02:00  INFO 12024 --- [order-service] [main] o.s.d.j.r.query.QueryEnhancerFactories   : Hibernate is in classpath; If applicable, HQL parser will be used.
2026-09-06T16:00:28.363+02:00  WARN 12024 --- [order-service] [main] JpaBaseConfiguration$JpaWebConfiguration : spring.jpa.open-in-view is enabled by default. Therefore, database queries may be performed during view rendering. Explicitly configure spring.jpa.open-in-view to disable this warning
2026-09-06T16:00:28.934+02:00  INFO 12024 --- [order-service] [main] o.s.c.s.m.DirectWithAttributesChannel    : Channel 'order-service.springCloudBusInput' has 1 subscriber(s).
2026-09-06T16:00:29.739+02:00  INFO 12024 --- [order-service] [main] DiscoveryClientOptionalArgsConfiguration : Eureka HTTP Client uses RestClient.
2026-09-06T16:00:29.804+02:00  WARN 12024 --- [order-service] [main] iguration$LoadBalancerCaffeineWarnLogger : Spring Cloud LoadBalancer is currently working with the default cache. While this cache implementation is useful for development and tests, it's recommended to use Caffeine cache in production.You can switch to using Caffeine cache, by adding it and org.springframework.cache.caffeine.CaffeineCacheManager to the classpath.
2026-09-06T16:00:29.813+02:00  INFO 12024 --- [order-service] [main] o.s.b.a.e.web.EndpointLinksResolver      : Exposing 24 endpoints beneath base path '/actuator'
2026-09-06T16:00:29.972+02:00  INFO 12024 --- [order-service] [main] o.s.i.endpoint.EventDrivenConsumer       : Adding {logging-channel-adapter:_org.springframework.integration.errorLogger} as a subscriber to the 'errorChannel' channel
2026-09-06T16:00:29.973+02:00  INFO 12024 --- [order-service] [main] o.s.i.channel.PublishSubscribeChannel    : Channel 'order-service.errorChannel' has 1 subscriber(s).
2026-09-06T16:00:29.973+02:00  INFO 12024 --- [order-service] [main] o.s.i.endpoint.EventDrivenConsumer       : started bean '_org.springframework.integration.errorLogger'
2026-09-06T16:00:30.007+02:00  INFO 12024 --- [order-service] [main] o.s.c.n.eureka.InstanceInfoFactory       : Setting initial instance status as: STARTING
2026-09-06T16:00:30.047+02:00  INFO 12024 --- [order-service] [main] com.netflix.discovery.DiscoveryClient    : Initializing Eureka in region us-east-1
2026-09-06T16:00:30.051+02:00  INFO 12024 --- [order-service] [main] c.n.d.s.r.aws.ConfigClusterResolver      : Resolving eureka endpoints via configuration
2026-09-06T16:00:30.060+02:00  INFO 12024 --- [order-service] [main] com.netflix.discovery.DiscoveryClient    : Disable delta property : false
2026-09-06T16:00:30.060+02:00  INFO 12024 --- [order-service] [main] com.netflix.discovery.DiscoveryClient    : Single vip registry refresh property : null
2026-09-06T16:00:30.060+02:00  INFO 12024 --- [order-service] [main] com.netflix.discovery.DiscoveryClient    : Force full registry fetch : false
2026-09-06T16:00:30.060+02:00  INFO 12024 --- [order-service] [main] com.netflix.discovery.DiscoveryClient    : Application is null : false
2026-09-06T16:00:30.060+02:00  INFO 12024 --- [order-service] [main] com.netflix.discovery.DiscoveryClient    : Registered Applications size is zero : true
2026-09-06T16:00:30.060+02:00  INFO 12024 --- [order-service] [main] com.netflix.discovery.DiscoveryClient    : Application version is -1: true
2026-09-06T16:00:30.061+02:00  INFO 12024 --- [order-service] [main] com.netflix.discovery.DiscoveryClient    : Getting all instance registry info from the eureka server
2026-09-06T16:00:30.459+02:00  INFO 12024 --- [order-service] [main] com.netflix.discovery.DiscoveryClient    : The response status is 200
2026-09-06T16:00:30.462+02:00  INFO 12024 --- [order-service] [main] com.netflix.discovery.DiscoveryClient    : Starting heartbeat executor: renew interval is: 30
2026-09-06T16:00:30.464+02:00  INFO 12024 --- [order-service] [main] c.n.discovery.InstanceInfoReplicator     : InstanceInfoReplicator onDemand update allowed rate per min is 4
2026-09-06T16:00:30.466+02:00  INFO 12024 --- [order-service] [main] com.netflix.discovery.DiscoveryClient    : Discovery Client initialized at timestamp 1788703230465 with initial instances count: 0
2026-09-06T16:00:30.470+02:00  INFO 12024 --- [order-service] [main] o.s.c.n.e.s.EurekaServiceRegistry        : Registering application ORDER-SERVICE with eureka with status UP
2026-09-06T16:00:30.471+02:00  INFO 12024 --- [order-service] [main] com.netflix.discovery.DiscoveryClient    : Saw local status change event StatusChangeEvent [timestamp=1788703230471, current=UP, previous=STARTING]
2026-09-06T16:00:30.472+02:00  INFO 12024 --- [order-service] [DiscoveryClient-InstanceInfoReplicator-%d] com.netflix.discovery.DiscoveryClient    : DiscoveryClient_ORDER-SERVICE/macbookpro:order-service:8083: registering service...
2026-09-06T16:00:30.473+02:00  INFO 12024 --- [order-service] [main] o.s.c.s.binder.DefaultBinderFactory      : Creating binder: rabbit
2026-09-06T16:00:30.473+02:00  INFO 12024 --- [order-service] [main] o.s.c.s.binder.DefaultBinderFactory      : Constructing binder child context for rabbit
2026-09-06T16:00:30.583+02:00  INFO 12024 --- [order-service] [main] o.s.c.s.binder.DefaultBinderFactory      : Caching the binder: rabbit
2026-09-06T16:00:30.598+02:00  INFO 12024 --- [order-service] [main] c.s.b.r.p.RabbitExchangeQueueProvisioner : declaring queue for inbound: springCloudBus.anonymous.kJ_QZL2SRDql-5eiRLzp5g, bound to: springCloudBus
2026-09-06T16:00:30.604+02:00  INFO 12024 --- [order-service] [main] o.s.a.r.c.CachingConnectionFactory       : Attempting to connect to: [localhost:5672]
2026-09-06T16:00:30.641+02:00  INFO 12024 --- [order-service] [DiscoveryClient-InstanceInfoReplicator-%d] com.netflix.discovery.DiscoveryClient    : DiscoveryClient_ORDER-SERVICE/macbookpro:order-service:8083 - registration status: 204
2026-09-06T16:00:30.722+02:00  INFO 12024 --- [order-service] [main] o.s.a.r.c.CachingConnectionFactory       : Created new connection: rabbitConnectionFactory#27f73e68:0/SimpleConnection@4c2f3f41 [delegate=amqp://rabbit@127.0.0.1:5672/, localPort=53034]
2026-09-06T16:00:30.793+02:00  INFO 12024 --- [order-service] [main] o.s.c.stream.binder.BinderErrorChannel   : Channel 'rabbit-627147334.springCloudBusInput.errors' has 1 subscriber(s).
2026-09-06T16:00:30.795+02:00  INFO 12024 --- [order-service] [main] o.s.c.stream.binder.BinderErrorChannel   : Channel 'rabbit-627147334.springCloudBusInput.errors' has 2 subscriber(s).
2026-09-06T16:00:30.818+02:00  INFO 12024 --- [order-service] [main] o.s.i.a.i.AmqpInboundChannelAdapter      : started bean 'inbound.springCloudBus.anonymous.kJ_QZL2SRDql-5eiRLzp5g'
2026-09-06T16:00:30.835+02:00  INFO 12024 --- [order-service] [main] o.s.boot.tomcat.TomcatWebServer          : Tomcat started on port 8083 (http) with context path '/'
2026-09-06T16:00:30.836+02:00  INFO 12024 --- [order-service] [main] .s.c.n.e.s.EurekaAutoServiceRegistration : Updating port to 8083
2026-09-06T16:00:30.895+02:00  INFO 12024 --- [order-service] [main] com.ecommerce.order.OrderApplication     : Started OrderApplication in 11.195 seconds (process running for 12.1)
2026-09-06T16:01:00.468+02:00  INFO 12024 --- [order-service] [DiscoveryClient-CacheRefreshExecutor-%d] com.netflix.discovery.DiscoveryClient    : Disable delta property : false
2026-09-06T16:01:00.470+02:00  INFO 12024 --- [order-service] [DiscoveryClient-CacheRefreshExecutor-%d] com.netflix.discovery.DiscoveryClient    : Single vip registry refresh property : null
2026-09-06T16:01:00.470+02:00  INFO 12024 --- [order-service] [DiscoveryClient-CacheRefreshExecutor-%d] com.netflix.discovery.DiscoveryClient    : Force full registry fetch : false
2026-09-06T16:01:00.471+02:00  INFO 12024 --- [order-service] [DiscoveryClient-CacheRefreshExecutor-%d] com.netflix.discovery.DiscoveryClient    : Application is null : false
2026-09-06T16:01:00.471+02:00  INFO 12024 --- [order-service] [DiscoveryClient-CacheRefreshExecutor-%d] com.netflix.discovery.DiscoveryClient    : Registered Applications size is zero : true
2026-09-06T16:01:00.471+02:00  INFO 12024 --- [order-service] [DiscoveryClient-CacheRefreshExecutor-%d] com.netflix.discovery.DiscoveryClient    : Application version is -1: false
2026-09-06T16:01:00.471+02:00  INFO 12024 --- [order-service] [DiscoveryClient-CacheRefreshExecutor-%d] com.netflix.discovery.DiscoveryClient    : Getting all instance registry info from the eureka server
2026-09-06T16:01:00.499+02:00  INFO 12024 --- [order-service] [DiscoveryClient-CacheRefreshExecutor-%d] com.netflix.discovery.DiscoveryClient    : The response status is 200
2026-09-06T16:01:04.864+02:00  INFO 12024 --- [order-service] [SpringApplicationShutdownHook] o.s.c.n.e.s.EurekaServiceRegistry        : Unregistering application ORDER-SERVICE with eureka with status DOWN
2026-09-06T16:01:04.865+02:00  INFO 12024 --- [order-service] [SpringApplicationShutdownHook] com.netflix.discovery.DiscoveryClient    : Saw local status change event StatusChangeEvent [timestamp=1788703264865, current=DOWN, previous=UP]
2026-09-06T16:01:04.865+02:00  INFO 12024 --- [order-service] [DiscoveryClient-InstanceInfoReplicator-%d] com.netflix.discovery.DiscoveryClient    : DiscoveryClient_ORDER-SERVICE/macbookpro:order-service:8083: registering service...
2026-09-06T16:01:04.871+02:00  INFO 12024 --- [order-service] [SpringApplicationShutdownHook] o.s.boot.tomcat.GracefulShutdown         : Commencing graceful shutdown. Waiting for active requests to complete
2026-09-06T16:01:04.875+02:00  INFO 12024 --- [order-service] [DiscoveryClient-InstanceInfoReplicator-%d] com.netflix.discovery.DiscoveryClient    : DiscoveryClient_ORDER-SERVICE/macbookpro:order-service:8083 - registration status: 204
2026-09-06T16:01:06.880+02:00  INFO 12024 --- [order-service] [tomcat-shutdown] o.s.boot.tomcat.GracefulShutdown         : Graceful shutdown complete
2026-09-06T16:01:06.891+02:00  INFO 12024 --- [order-service] [SpringApplicationShutdownHook] o.s.a.r.l.SimpleMessageListenerContainer : Waiting for workers to finish.
2026-09-06T16:01:06.945+02:00  INFO 12024 --- [order-service] [SpringApplicationShutdownHook] o.s.a.r.l.SimpleMessageListenerContainer : Successfully waited for workers to finish.
2026-09-06T16:01:06.946+02:00  INFO 12024 --- [order-service] [SpringApplicationShutdownHook] o.s.i.a.i.AmqpInboundChannelAdapter      : stopped bean 'inbound.springCloudBus.anonymous.kJ_QZL2SRDql-5eiRLzp5g'
2026-09-06T16:01:06.949+02:00  INFO 12024 --- [order-service] [SpringApplicationShutdownHook] o.s.c.stream.binder.BinderErrorChannel   : Channel 'order-service.rabbit-627147334.springCloudBusInput.errors' has 1 subscriber(s).
2026-09-06T16:01:06.951+02:00  INFO 12024 --- [order-service] [SpringApplicationShutdownHook] o.s.c.stream.binder.BinderErrorChannel   : Channel 'order-service.rabbit-627147334.springCloudBusInput.errors' has 0 subscriber(s).
2026-09-06T16:01:07.004+02:00  INFO 12024 --- [order-service] [SpringApplicationShutdownHook] o.s.i.endpoint.EventDrivenConsumer       : Removing {logging-channel-adapter:_org.springframework.integration.errorLogger} as a subscriber to the 'errorChannel' channel
2026-09-06T16:01:07.005+02:00  INFO 12024 --- [order-service] [SpringApplicationShutdownHook] o.s.i.channel.PublishSubscribeChannel    : Channel 'order-service.errorChannel' has 0 subscriber(s).
2026-09-06T16:01:07.005+02:00  INFO 12024 --- [order-service] [SpringApplicationShutdownHook] o.s.i.endpoint.EventDrivenConsumer       : stopped bean '_org.springframework.integration.errorLogger'
2026-09-06T16:01:07.024+02:00  INFO 12024 --- [order-service] [SpringApplicationShutdownHook] j.LocalContainerEntityManagerFactoryBean : Closing JPA EntityManagerFactory for persistence unit 'default'
2026-09-06T16:01:07.025+02:00  INFO 12024 --- [order-service] [SpringApplicationShutdownHook] com.zaxxer.hikari.HikariDataSource       : HikariPool-1 - Shutdown initiated...
2026-09-06T16:01:07.028+02:00  INFO 12024 --- [order-service] [SpringApplicationShutdownHook] com.zaxxer.hikari.HikariDataSource       : HikariPool-1 - Shutdown completed.
2026-09-06T16:01:07.029+02:00  INFO 12024 --- [order-service] [SpringApplicationShutdownHook] com.netflix.discovery.DiscoveryClient    : Shutting down DiscoveryClient ...
2026-09-06T16:01:10.034+02:00  INFO 12024 --- [order-service] [SpringApplicationShutdownHook] com.netflix.discovery.DiscoveryClient    : Unregistering ...
2026-09-06T16:01:10.048+02:00  INFO 12024 --- [order-service] [SpringApplicationShutdownHook] c.n.d.s.t.d.RedirectingEurekaHttpClient  : Request execution error. endpoint=DefaultEndpoint{ serviceUrl='http://localhost:8761/eureka/} exception=I/O error on DELETE request for "http://localhost:8761/eureka/apps/ORDER-SERVICE/macbookpro:order-service:8083": Connect to http://localhost:8761 failed: Connection refused

org.springframework.web.client.ResourceAccessException: I/O error on DELETE request for "http://localhost:8761/eureka/apps/ORDER-SERVICE/macbookpro:order-service:8083": Connect to http://localhost:8761 failed: Connection refused
	at org.springframework.web.client.DefaultRestClient$DefaultRequestBodyUriSpec.createResourceAccessException(DefaultRestClient.java:779) ~[spring-web-7.0.9.jar:7.0.9]
	at org.springframework.web.client.DefaultRestClient$DefaultRequestBodyUriSpec.exchangeInternal(DefaultRestClient.java:624) ~[spring-web-7.0.9.jar:7.0.9]
	at org.springframework.web.client.DefaultRestClient$DefaultRequestBodyUriSpec.exchange(DefaultRestClient.java:572) ~[spring-web-7.0.9.jar:7.0.9]
	at org.springframework.web.client.RestClient$RequestHeadersSpec.exchange(RestClient.java:747) ~[spring-web-7.0.9.jar:7.0.9]
	at org.springframework.web.client.DefaultRestClient$DefaultResponseSpec.executeAndExtract(DefaultRestClient.java:924) ~[spring-web-7.0.9.jar:7.0.9]
	at org.springframework.web.client.DefaultRestClient$DefaultResponseSpec.toBodilessEntity(DefaultRestClient.java:888) ~[spring-web-7.0.9.jar:7.0.9]
	at org.springframework.cloud.netflix.eureka.http.RestClientEurekaHttpClient.cancel(RestClientEurekaHttpClient.java:73) ~[spring-cloud-netflix-eureka-client-5.0.2.jar:5.0.2]
	at com.netflix.discovery.shared.transport.decorator.EurekaHttpClientDecorator$2.execute(EurekaHttpClientDecorator.java:74) ~[eureka-client-2.0.6.jar:2.0.6]
	at com.netflix.discovery.shared.transport.decorator.RedirectingEurekaHttpClient.execute(RedirectingEurekaHttpClient.java:90) ~[eureka-client-2.0.6.jar:2.0.6]
	at com.netflix.discovery.shared.transport.decorator.EurekaHttpClientDecorator.cancel(EurekaHttpClientDecorator.java:71) ~[eureka-client-2.0.6.jar:2.0.6]
	at com.netflix.discovery.shared.transport.decorator.EurekaHttpClientDecorator$2.execute(EurekaHttpClientDecorator.java:74) ~[eureka-client-2.0.6.jar:2.0.6]
	at com.netflix.discovery.shared.transport.decorator.RetryableEurekaHttpClient.execute(RetryableEurekaHttpClient.java:120) ~[eureka-client-2.0.6.jar:2.0.6]
	at com.netflix.discovery.shared.transport.decorator.EurekaHttpClientDecorator.cancel(EurekaHttpClientDecorator.java:71) ~[eureka-client-2.0.6.jar:2.0.6]
	at com.netflix.discovery.shared.transport.decorator.EurekaHttpClientDecorator$2.execute(EurekaHttpClientDecorator.java:74) ~[eureka-client-2.0.6.jar:2.0.6]
	at com.netflix.discovery.shared.transport.decorator.SessionedEurekaHttpClient.execute(SessionedEurekaHttpClient.java:76) ~[eureka-client-2.0.6.jar:2.0.6]
	at com.netflix.discovery.shared.transport.decorator.EurekaHttpClientDecorator.cancel(EurekaHttpClientDecorator.java:71) ~[eureka-client-2.0.6.jar:2.0.6]
	at com.netflix.discovery.DiscoveryClient.unregister(DiscoveryClient.java:934) ~[eureka-client-2.0.6.jar:2.0.6]
	at com.netflix.discovery.DiscoveryClient.shutdown(DiscoveryClient.java:915) ~[eureka-client-2.0.6.jar:2.0.6]
	at java.base/jdk.internal.reflect.DirectMethodHandleAccessor.invoke(DirectMethodHandleAccessor.java:103) ~[na:na]
	at java.base/java.lang.reflect.Method.invoke(Method.java:580) ~[na:na]
	at org.springframework.beans.factory.annotation.InitDestroyAnnotationBeanPostProcessor$LifecycleMethod.invoke(InitDestroyAnnotationBeanPostProcessor.java:453) ~[spring-beans-7.0.9.jar:7.0.9]
	at org.springframework.beans.factory.annotation.InitDestroyAnnotationBeanPostProcessor$LifecycleMetadata.invokeDestroyMethods(InitDestroyAnnotationBeanPostProcessor.java:411) ~[spring-beans-7.0.9.jar:7.0.9]
	at org.springframework.beans.factory.annotation.InitDestroyAnnotationBeanPostProcessor.postProcessBeforeDestruction(InitDestroyAnnotationBeanPostProcessor.java:237) ~[spring-beans-7.0.9.jar:7.0.9]
	at org.springframework.beans.factory.support.DisposableBeanAdapter.destroy(DisposableBeanAdapter.java:200) ~[spring-beans-7.0.9.jar:7.0.9]
	at org.springframework.beans.factory.support.DisposableBeanAdapter.run(DisposableBeanAdapter.java:193) ~[spring-beans-7.0.9.jar:7.0.9]
	at org.springframework.cloud.context.scope.GenericScope$BeanLifecycleWrapper.destroy(GenericScope.java:387) ~[spring-cloud-context-5.0.3.jar:5.0.3]
	at org.springframework.cloud.context.scope.GenericScope.destroy(GenericScope.java:134) ~[spring-cloud-context-5.0.3.jar:5.0.3]
	at org.springframework.beans.factory.support.DisposableBeanAdapter.destroy(DisposableBeanAdapter.java:209) ~[spring-beans-7.0.9.jar:7.0.9]
	at org.springframework.beans.factory.support.DefaultSingletonBeanRegistry.destroyBean(DefaultSingletonBeanRegistry.java:795) ~[spring-beans-7.0.9.jar:7.0.9]
	at org.springframework.beans.factory.support.DefaultSingletonBeanRegistry.destroySingleton(DefaultSingletonBeanRegistry.java:745) ~[spring-beans-7.0.9.jar:7.0.9]
	at org.springframework.beans.factory.support.DefaultListableBeanFactory.destroySingleton(DefaultListableBeanFactory.java:1507) ~[spring-beans-7.0.9.jar:7.0.9]
	at org.springframework.beans.factory.support.DefaultSingletonBeanRegistry.destroySingletons(DefaultSingletonBeanRegistry.java:704) ~[spring-beans-7.0.9.jar:7.0.9]
	at org.springframework.beans.factory.support.DefaultListableBeanFactory.destroySingletons(DefaultListableBeanFactory.java:1500) ~[spring-beans-7.0.9.jar:7.0.9]
	at org.springframework.context.support.AbstractApplicationContext.destroyBeans(AbstractApplicationContext.java:1246) ~[spring-context-7.0.9.jar:7.0.9]
	at org.springframework.context.support.AbstractApplicationContext.doClose(AbstractApplicationContext.java:1207) ~[spring-context-7.0.9.jar:7.0.9]
	at org.springframework.boot.web.server.servlet.context.ServletWebServerApplicationContext.doClose(ServletWebServerApplicationContext.java:176) ~[spring-boot-web-server-4.1.1.jar:4.1.1]
	at org.springframework.context.support.AbstractApplicationContext.close(AbstractApplicationContext.java:1153) ~[spring-context-7.0.9.jar:7.0.9]
	at org.springframework.boot.SpringApplicationShutdownHook.closeAndWait(SpringApplicationShutdownHook.java:147) ~[spring-boot-4.1.1.jar:4.1.1]
	at java.base/java.lang.Iterable.forEach(Iterable.java:75) ~[na:na]
	at org.springframework.boot.SpringApplicationShutdownHook.run(SpringApplicationShutdownHook.java:116) ~[spring-boot-4.1.1.jar:4.1.1]
	at java.base/java.lang.Thread.run(Thread.java:1583) ~[na:na]
Caused by: org.apache.hc.client5.http.HttpHostConnectException: Connect to http://localhost:8761 failed: Connection refused
	at java.base/sun.nio.ch.Net.pollConnect(Native Method) ~[na:na]
	at java.base/sun.nio.ch.Net.pollConnectNow(Net.java:694) ~[na:na]
	at java.base/sun.nio.ch.NioSocketImpl.timedFinishConnect(NioSocketImpl.java:542) ~[na:na]
	at java.base/sun.nio.ch.NioSocketImpl.connect(NioSocketImpl.java:592) ~[na:na]
	at java.base/java.net.SocksSocketImpl.connect(SocksSocketImpl.java:327) ~[na:na]
	at java.base/java.net.Socket.connect(Socket.java:751) ~[na:na]
	at org.apache.hc.client5.http.impl.io.DefaultHttpClientConnectionOperator.connect(DefaultHttpClientConnectionOperator.java:219) ~[httpclient5-5.6.4.jar:5.6.4]
	at org.apache.hc.client5.http.impl.io.PoolingHttpClientConnectionManager.connect(PoolingHttpClientConnectionManager.java:547) ~[httpclient5-5.6.4.jar:5.6.4]
	at org.apache.hc.client5.http.impl.classic.InternalExecRuntime.connectEndpoint(InternalExecRuntime.java:164) ~[httpclient5-5.6.4.jar:5.6.4]
	at org.apache.hc.client5.http.impl.classic.InternalExecRuntime.connectEndpoint(InternalExecRuntime.java:174) ~[httpclient5-5.6.4.jar:5.6.4]
	at org.apache.hc.client5.http.impl.classic.ConnectExec.execute(ConnectExec.java:144) ~[httpclient5-5.6.4.jar:5.6.4]
	at org.apache.hc.client5.http.impl.classic.ExecChainElement.execute(ExecChainElement.java:51) ~[httpclient5-5.6.4.jar:5.6.4]
	at org.apache.hc.client5.http.impl.classic.ProtocolExec.execute(ProtocolExec.java:192) ~[httpclient5-5.6.4.jar:5.6.4]
	at org.apache.hc.client5.http.impl.classic.ExecChainElement.execute(ExecChainElement.java:51) ~[httpclient5-5.6.4.jar:5.6.4]
	at org.apache.hc.client5.http.impl.classic.ContentCompressionExec.execute(ContentCompressionExec.java:138) ~[httpclient5-5.6.4.jar:5.6.4]
	at org.apache.hc.client5.http.impl.classic.ExecChainElement.execute(ExecChainElement.java:51) ~[httpclient5-5.6.4.jar:5.6.4]
	at org.apache.hc.client5.http.impl.classic.HttpRequestRetryExec.execute(HttpRequestRetryExec.java:112) ~[httpclient5-5.6.4.jar:5.6.4]
	at org.apache.hc.client5.http.impl.classic.ExecChainElement.execute(ExecChainElement.java:51) ~[httpclient5-5.6.4.jar:5.6.4]
	at org.apache.hc.client5.http.impl.classic.RedirectExec.execute(RedirectExec.java:110) ~[httpclient5-5.6.4.jar:5.6.4]
	at org.apache.hc.client5.http.impl.classic.ExecChainElement.execute(ExecChainElement.java:51) ~[httpclient5-5.6.4.jar:5.6.4]
	at org.apache.hc.client5.http.impl.classic.InternalHttpClient.doExecute(InternalHttpClient.java:186) ~[httpclient5-5.6.4.jar:5.6.4]
	at org.apache.hc.client5.http.impl.classic.CloseableHttpClient.execute(CloseableHttpClient.java:87) ~[httpclient5-5.6.4.jar:5.6.4]
	at org.apache.hc.client5.http.impl.classic.CloseableHttpClient.execute(CloseableHttpClient.java:55) ~[httpclient5-5.6.4.jar:5.6.4]
	at org.apache.hc.client5.http.classic.HttpClient.executeOpen(HttpClient.java:183) ~[httpclient5-5.6.4.jar:5.6.4]
	at org.springframework.http.client.HttpComponentsClientHttpRequest.executeInternal(HttpComponentsClientHttpRequest.java:99) ~[spring-web-7.0.9.jar:7.0.9]
	at org.springframework.http.client.AbstractStreamingClientHttpRequest.executeInternal(AbstractStreamingClientHttpRequest.java:87) ~[spring-web-7.0.9.jar:7.0.9]
	at org.springframework.http.client.AbstractClientHttpRequest.execute(AbstractClientHttpRequest.java:80) ~[spring-web-7.0.9.jar:7.0.9]
	at org.springframework.http.client.AbstractBufferingClientHttpRequest.executeWithRequestAndBody(AbstractBufferingClientHttpRequest.java:89) ~[spring-web-7.0.9.jar:7.0.9]
	at org.springframework.http.client.InterceptingClientHttpRequest$EndOfChainRequestExecution.execute(InterceptingClientHttpRequest.java:102) ~[spring-web-7.0.9.jar:7.0.9]
	at org.springframework.cloud.netflix.eureka.http.RestClientTransportClientFactory.lambda$newClient$2(RestClientTransportClientFactory.java:98) ~[spring-cloud-netflix-eureka-client-5.0.2.jar:5.0.2]
	at org.springframework.http.client.ClientHttpRequestInterceptor.lambda$apply$0(ClientHttpRequestInterceptor.java:89) ~[spring-web-7.0.9.jar:7.0.9]
	at org.springframework.http.client.InterceptingClientHttpRequest.executeInternal(InterceptingClientHttpRequest.java:73) ~[spring-web-7.0.9.jar:7.0.9]
	at org.springframework.http.client.AbstractBufferingClientHttpRequest.executeInternal(AbstractBufferingClientHttpRequest.java:50) ~[spring-web-7.0.9.jar:7.0.9]
	at org.springframework.http.client.AbstractClientHttpRequest.execute(AbstractClientHttpRequest.java:80) ~[spring-web-7.0.9.jar:7.0.9]
	at org.springframework.web.client.DefaultRestClient$DefaultRequestBodyUriSpec.exchangeInternal(DefaultRestClient.java:614) ~[spring-web-7.0.9.jar:7.0.9]
	... 39 common frames omitted

2026-09-06T16:01:10.053+02:00  WARN 12024 --- [order-service] [SpringApplicationShutdownHook] c.n.d.s.t.d.RetryableEurekaHttpClient    : Request execution failed with message: I/O error on DELETE request for "http://localhost:8761/eureka/apps/ORDER-SERVICE/macbookpro:order-service:8083": Connect to http://localhost:8761 failed: Connection refused
2026-09-06T16:01:10.059+02:00  INFO 12024 --- [order-service] [SpringApplicationShutdownHook] c.n.d.s.t.d.RedirectingEurekaHttpClient  : Request execution error. endpoint=DefaultEndpoint{ serviceUrl='http://localhost:8761/eureka/}, exception=I/O error on DELETE request for "http://localhost:8761/eureka/apps/ORDER-SERVICE/macbookpro:order-service:8083": Connect to http://localhost:8761 failed: Connection refused

org.springframework.web.client.ResourceAccessException: I/O error on DELETE request for "http://localhost:8761/eureka/apps/ORDER-SERVICE/macbookpro:order-service:8083": Connect to http://localhost:8761 failed: Connection refused
	at org.springframework.web.client.DefaultRestClient$DefaultRequestBodyUriSpec.createResourceAccessException(DefaultRestClient.java:779) ~[spring-web-7.0.9.jar:7.0.9]
	at org.springframework.web.client.DefaultRestClient$DefaultRequestBodyUriSpec.exchangeInternal(DefaultRestClient.java:624) ~[spring-web-7.0.9.jar:7.0.9]
	at org.springframework.web.client.DefaultRestClient$DefaultRequestBodyUriSpec.exchange(DefaultRestClient.java:572) ~[spring-web-7.0.9.jar:7.0.9]
	at org.springframework.web.client.RestClient$RequestHeadersSpec.exchange(RestClient.java:747) ~[spring-web-7.0.9.jar:7.0.9]
	at org.springframework.web.client.DefaultRestClient$DefaultResponseSpec.executeAndExtract(DefaultRestClient.java:924) ~[spring-web-7.0.9.jar:7.0.9]
	at org.springframework.web.client.DefaultRestClient$DefaultResponseSpec.toBodilessEntity(DefaultRestClient.java:888) ~[spring-web-7.0.9.jar:7.0.9]
	at org.springframework.cloud.netflix.eureka.http.RestClientEurekaHttpClient.cancel(RestClientEurekaHttpClient.java:73) ~[spring-cloud-netflix-eureka-client-5.0.2.jar:5.0.2]
	at com.netflix.discovery.shared.transport.decorator.EurekaHttpClientDecorator$2.execute(EurekaHttpClientDecorator.java:74) ~[eureka-client-2.0.6.jar:2.0.6]
	at com.netflix.discovery.shared.transport.decorator.RedirectingEurekaHttpClient.executeOnNewServer(RedirectingEurekaHttpClient.java:120) ~[eureka-client-2.0.6.jar:2.0.6]
	at com.netflix.discovery.shared.transport.decorator.RedirectingEurekaHttpClient.execute(RedirectingEurekaHttpClient.java:79) ~[eureka-client-2.0.6.jar:2.0.6]
	at com.netflix.discovery.shared.transport.decorator.EurekaHttpClientDecorator.cancel(EurekaHttpClientDecorator.java:71) ~[eureka-client-2.0.6.jar:2.0.6]
	at com.netflix.discovery.shared.transport.decorator.EurekaHttpClientDecorator$2.execute(EurekaHttpClientDecorator.java:74) ~[eureka-client-2.0.6.jar:2.0.6]
	at com.netflix.discovery.shared.transport.decorator.RetryableEurekaHttpClient.execute(RetryableEurekaHttpClient.java:120) ~[eureka-client-2.0.6.jar:2.0.6]
	at com.netflix.discovery.shared.transport.decorator.EurekaHttpClientDecorator.cancel(EurekaHttpClientDecorator.java:71) ~[eureka-client-2.0.6.jar:2.0.6]
	at com.netflix.discovery.shared.transport.decorator.EurekaHttpClientDecorator$2.execute(EurekaHttpClientDecorator.java:74) ~[eureka-client-2.0.6.jar:2.0.6]
	at com.netflix.discovery.shared.transport.decorator.SessionedEurekaHttpClient.execute(SessionedEurekaHttpClient.java:76) ~[eureka-client-2.0.6.jar:2.0.6]
	at com.netflix.discovery.shared.transport.decorator.EurekaHttpClientDecorator.cancel(EurekaHttpClientDecorator.java:71) ~[eureka-client-2.0.6.jar:2.0.6]
	at com.netflix.discovery.DiscoveryClient.unregister(DiscoveryClient.java:934) ~[eureka-client-2.0.6.jar:2.0.6]
	at com.netflix.discovery.DiscoveryClient.shutdown(DiscoveryClient.java:915) ~[eureka-client-2.0.6.jar:2.0.6]
	at java.base/jdk.internal.reflect.DirectMethodHandleAccessor.invoke(DirectMethodHandleAccessor.java:103) ~[na:na]
	at java.base/java.lang.reflect.Method.invoke(Method.java:580) ~[na:na]
	at org.springframework.beans.factory.annotation.InitDestroyAnnotationBeanPostProcessor$LifecycleMethod.invoke(InitDestroyAnnotationBeanPostProcessor.java:453) ~[spring-beans-7.0.9.jar:7.0.9]
	at org.springframework.beans.factory.annotation.InitDestroyAnnotationBeanPostProcessor$LifecycleMetadata.invokeDestroyMethods(InitDestroyAnnotationBeanPostProcessor.java:411) ~[spring-beans-7.0.9.jar:7.0.9]
	at org.springframework.beans.factory.annotation.InitDestroyAnnotationBeanPostProcessor.postProcessBeforeDestruction(InitDestroyAnnotationBeanPostProcessor.java:237) ~[spring-beans-7.0.9.jar:7.0.9]
	at org.springframework.beans.factory.support.DisposableBeanAdapter.destroy(DisposableBeanAdapter.java:200) ~[spring-beans-7.0.9.jar:7.0.9]
	at org.springframework.beans.factory.support.DisposableBeanAdapter.run(DisposableBeanAdapter.java:193) ~[spring-beans-7.0.9.jar:7.0.9]
	at org.springframework.cloud.context.scope.GenericScope$BeanLifecycleWrapper.destroy(GenericScope.java:387) ~[spring-cloud-context-5.0.3.jar:5.0.3]
	at org.springframework.cloud.context.scope.GenericScope.destroy(GenericScope.java:134) ~[spring-cloud-context-5.0.3.jar:5.0.3]
	at org.springframework.beans.factory.support.DisposableBeanAdapter.destroy(DisposableBeanAdapter.java:209) ~[spring-beans-7.0.9.jar:7.0.9]
	at org.springframework.beans.factory.support.DefaultSingletonBeanRegistry.destroyBean(DefaultSingletonBeanRegistry.java:795) ~[spring-beans-7.0.9.jar:7.0.9]
	at org.springframework.beans.factory.support.DefaultSingletonBeanRegistry.destroySingleton(DefaultSingletonBeanRegistry.java:745) ~[spring-beans-7.0.9.jar:7.0.9]
	at org.springframework.beans.factory.support.DefaultListableBeanFactory.destroySingleton(DefaultListableBeanFactory.java:1507) ~[spring-beans-7.0.9.jar:7.0.9]
	at org.springframework.beans.factory.support.DefaultSingletonBeanRegistry.destroySingletons(DefaultSingletonBeanRegistry.java:704) ~[spring-beans-7.0.9.jar:7.0.9]
	at org.springframework.beans.factory.support.DefaultListableBeanFactory.destroySingletons(DefaultListableBeanFactory.java:1500) ~[spring-beans-7.0.9.jar:7.0.9]
	at org.springframework.context.support.AbstractApplicationContext.destroyBeans(AbstractApplicationContext.java:1246) ~[spring-context-7.0.9.jar:7.0.9]
	at org.springframework.context.support.AbstractApplicationContext.doClose(AbstractApplicationContext.java:1207) ~[spring-context-7.0.9.jar:7.0.9]
	at org.springframework.boot.web.server.servlet.context.ServletWebServerApplicationContext.doClose(ServletWebServerApplicationContext.java:176) ~[spring-boot-web-server-4.1.1.jar:4.1.1]
	at org.springframework.context.support.AbstractApplicationContext.close(AbstractApplicationContext.java:1153) ~[spring-context-7.0.9.jar:7.0.9]
	at org.springframework.boot.SpringApplicationShutdownHook.closeAndWait(SpringApplicationShutdownHook.java:147) ~[spring-boot-4.1.1.jar:4.1.1]
	at java.base/java.lang.Iterable.forEach(Iterable.java:75) ~[na:na]
	at org.springframework.boot.SpringApplicationShutdownHook.run(SpringApplicationShutdownHook.java:116) ~[spring-boot-4.1.1.jar:4.1.1]
	at java.base/java.lang.Thread.run(Thread.java:1583) ~[na:na]
Caused by: org.apache.hc.client5.http.HttpHostConnectException: Connect to http://localhost:8761 failed: Connection refused
	at java.base/sun.nio.ch.Net.pollConnect(Native Method) ~[na:na]
	at java.base/sun.nio.ch.Net.pollConnectNow(Net.java:694) ~[na:na]
	at java.base/sun.nio.ch.NioSocketImpl.timedFinishConnect(NioSocketImpl.java:549) ~[na:na]
	at java.base/sun.nio.ch.NioSocketImpl.connect(NioSocketImpl.java:592) ~[na:na]
	at java.base/java.net.SocksSocketImpl.connect(SocksSocketImpl.java:327) ~[na:na]
	at java.base/java.net.Socket.connect(Socket.java:751) ~[na:na]
	at org.apache.hc.client5.http.impl.io.DefaultHttpClientConnectionOperator.connect(DefaultHttpClientConnectionOperator.java:219) ~[httpclient5-5.6.4.jar:5.6.4]
	at org.apache.hc.client5.http.impl.io.PoolingHttpClientConnectionManager.connect(PoolingHttpClientConnectionManager.java:547) ~[httpclient5-5.6.4.jar:5.6.4]
	at org.apache.hc.client5.http.impl.classic.InternalExecRuntime.connectEndpoint(InternalExecRuntime.java:164) ~[httpclient5-5.6.4.jar:5.6.4]
	at org.apache.hc.client5.http.impl.classic.InternalExecRuntime.connectEndpoint(InternalExecRuntime.java:174) ~[httpclient5-5.6.4.jar:5.6.4]
	at org.apache.hc.client5.http.impl.classic.ConnectExec.execute(ConnectExec.java:144) ~[httpclient5-5.6.4.jar:5.6.4]
	at org.apache.hc.client5.http.impl.classic.ExecChainElement.execute(ExecChainElement.java:51) ~[httpclient5-5.6.4.jar:5.6.4]
	at org.apache.hc.client5.http.impl.classic.ProtocolExec.execute(ProtocolExec.java:192) ~[httpclient5-5.6.4.jar:5.6.4]
	at org.apache.hc.client5.http.impl.classic.ExecChainElement.execute(ExecChainElement.java:51) ~[httpclient5-5.6.4.jar:5.6.4]
	at org.apache.hc.client5.http.impl.classic.ContentCompressionExec.execute(ContentCompressionExec.java:138) ~[httpclient5-5.6.4.jar:5.6.4]
	at org.apache.hc.client5.http.impl.classic.ExecChainElement.execute(ExecChainElement.java:51) ~[httpclient5-5.6.4.jar:5.6.4]
	at org.apache.hc.client5.http.impl.classic.HttpRequestRetryExec.execute(HttpRequestRetryExec.java:112) ~[httpclient5-5.6.4.jar:5.6.4]
	at org.apache.hc.client5.http.impl.classic.ExecChainElement.execute(ExecChainElement.java:51) ~[httpclient5-5.6.4.jar:5.6.4]
	at org.apache.hc.client5.http.impl.classic.RedirectExec.execute(RedirectExec.java:110) ~[httpclient5-5.6.4.jar:5.6.4]
	at org.apache.hc.client5.http.impl.classic.ExecChainElement.execute(ExecChainElement.java:51) ~[httpclient5-5.6.4.jar:5.6.4]
	at org.apache.hc.client5.http.impl.classic.InternalHttpClient.doExecute(InternalHttpClient.java:186) ~[httpclient5-5.6.4.jar:5.6.4]
	at org.apache.hc.client5.http.impl.classic.CloseableHttpClient.execute(CloseableHttpClient.java:87) ~[httpclient5-5.6.4.jar:5.6.4]
	at org.apache.hc.client5.http.impl.classic.CloseableHttpClient.execute(CloseableHttpClient.java:55) ~[httpclient5-5.6.4.jar:5.6.4]
	at org.apache.hc.client5.http.classic.HttpClient.executeOpen(HttpClient.java:183) ~[httpclient5-5.6.4.jar:5.6.4]
	at org.springframework.http.client.HttpComponentsClientHttpRequest.executeInternal(HttpComponentsClientHttpRequest.java:99) ~[spring-web-7.0.9.jar:7.0.9]
	at org.springframework.http.client.AbstractStreamingClientHttpRequest.executeInternal(AbstractStreamingClientHttpRequest.java:87) ~[spring-web-7.0.9.jar:7.0.9]
	at org.springframework.http.client.AbstractClientHttpRequest.execute(AbstractClientHttpRequest.java:80) ~[spring-web-7.0.9.jar:7.0.9]
	at org.springframework.http.client.AbstractBufferingClientHttpRequest.executeWithRequestAndBody(AbstractBufferingClientHttpRequest.java:89) ~[spring-web-7.0.9.jar:7.0.9]
	at org.springframework.http.client.InterceptingClientHttpRequest$EndOfChainRequestExecution.execute(InterceptingClientHttpRequest.java:102) ~[spring-web-7.0.9.jar:7.0.9]
	at org.springframework.cloud.netflix.eureka.http.RestClientTransportClientFactory.lambda$newClient$2(RestClientTransportClientFactory.java:98) ~[spring-cloud-netflix-eureka-client-5.0.2.jar:5.0.2]
	at org.springframework.http.client.ClientHttpRequestInterceptor.lambda$apply$0(ClientHttpRequestInterceptor.java:89) ~[spring-web-7.0.9.jar:7.0.9]
	at org.springframework.http.client.InterceptingClientHttpRequest.executeInternal(InterceptingClientHttpRequest.java:73) ~[spring-web-7.0.9.jar:7.0.9]
	at org.springframework.http.client.AbstractBufferingClientHttpRequest.executeInternal(AbstractBufferingClientHttpRequest.java:50) ~[spring-web-7.0.9.jar:7.0.9]
	at org.springframework.http.client.AbstractClientHttpRequest.execute(AbstractClientHttpRequest.java:80) ~[spring-web-7.0.9.jar:7.0.9]
	at org.springframework.web.client.DefaultRestClient$DefaultRequestBodyUriSpec.exchangeInternal(DefaultRestClient.java:614) ~[spring-web-7.0.9.jar:7.0.9]
	... 40 common frames omitted

2026-09-06T16:01:10.060+02:00  WARN 12024 --- [order-service] [SpringApplicationShutdownHook] c.n.d.s.t.d.RetryableEurekaHttpClient    : Request execution failed with message: I/O error on DELETE request for "http://localhost:8761/eureka/apps/ORDER-SERVICE/macbookpro:order-service:8083": Connect to http://localhost:8761 failed: Connection refused
2026-09-06T16:01:10.060+02:00 ERROR 12024 --- [order-service] [SpringApplicationShutdownHook] com.netflix.discovery.DiscoveryClient    : DiscoveryClient_ORDER-SERVICE/macbookpro:order-service:8083 - de-registration failedCannot execute request on any known server

com.netflix.discovery.shared.transport.TransportException: Cannot execute request on any known server
	at com.netflix.discovery.shared.transport.decorator.RetryableEurekaHttpClient.execute(RetryableEurekaHttpClient.java:112) ~[eureka-client-2.0.6.jar:2.0.6]
	at com.netflix.discovery.shared.transport.decorator.EurekaHttpClientDecorator.cancel(EurekaHttpClientDecorator.java:71) ~[eureka-client-2.0.6.jar:2.0.6]
	at com.netflix.discovery.shared.transport.decorator.EurekaHttpClientDecorator$2.execute(EurekaHttpClientDecorator.java:74) ~[eureka-client-2.0.6.jar:2.0.6]
	at com.netflix.discovery.shared.transport.decorator.SessionedEurekaHttpClient.execute(SessionedEurekaHttpClient.java:76) ~[eureka-client-2.0.6.jar:2.0.6]
	at com.netflix.discovery.shared.transport.decorator.EurekaHttpClientDecorator.cancel(EurekaHttpClientDecorator.java:71) ~[eureka-client-2.0.6.jar:2.0.6]
	at com.netflix.discovery.DiscoveryClient.unregister(DiscoveryClient.java:934) ~[eureka-client-2.0.6.jar:2.0.6]
	at com.netflix.discovery.DiscoveryClient.shutdown(DiscoveryClient.java:915) ~[eureka-client-2.0.6.jar:2.0.6]
	at java.base/jdk.internal.reflect.DirectMethodHandleAccessor.invoke(DirectMethodHandleAccessor.java:103) ~[na:na]
	at java.base/java.lang.reflect.Method.invoke(Method.java:580) ~[na:na]
	at org.springframework.beans.factory.annotation.InitDestroyAnnotationBeanPostProcessor$LifecycleMethod.invoke(InitDestroyAnnotationBeanPostProcessor.java:453) ~[spring-beans-7.0.9.jar:7.0.9]
	at org.springframework.beans.factory.annotation.InitDestroyAnnotationBeanPostProcessor$LifecycleMetadata.invokeDestroyMethods(InitDestroyAnnotationBeanPostProcessor.java:411) ~[spring-beans-7.0.9.jar:7.0.9]
	at org.springframework.beans.factory.annotation.InitDestroyAnnotationBeanPostProcessor.postProcessBeforeDestruction(InitDestroyAnnotationBeanPostProcessor.java:237) ~[spring-beans-7.0.9.jar:7.0.9]
	at org.springframework.beans.factory.support.DisposableBeanAdapter.destroy(DisposableBeanAdapter.java:200) ~[spring-beans-7.0.9.jar:7.0.9]
	at org.springframework.beans.factory.support.DisposableBeanAdapter.run(DisposableBeanAdapter.java:193) ~[spring-beans-7.0.9.jar:7.0.9]
	at org.springframework.cloud.context.scope.GenericScope$BeanLifecycleWrapper.destroy(GenericScope.java:387) ~[spring-cloud-context-5.0.3.jar:5.0.3]
	at org.springframework.cloud.context.scope.GenericScope.destroy(GenericScope.java:134) ~[spring-cloud-context-5.0.3.jar:5.0.3]
	at org.springframework.beans.factory.support.DisposableBeanAdapter.destroy(DisposableBeanAdapter.java:209) ~[spring-beans-7.0.9.jar:7.0.9]
	at org.springframework.beans.factory.support.DefaultSingletonBeanRegistry.destroyBean(DefaultSingletonBeanRegistry.java:795) ~[spring-beans-7.0.9.jar:7.0.9]
	at org.springframework.beans.factory.support.DefaultSingletonBeanRegistry.destroySingleton(DefaultSingletonBeanRegistry.java:745) ~[spring-beans-7.0.9.jar:7.0.9]
	at org.springframework.beans.factory.support.DefaultListableBeanFactory.destroySingleton(DefaultListableBeanFactory.java:1507) ~[spring-beans-7.0.9.jar:7.0.9]
	at org.springframework.beans.factory.support.DefaultSingletonBeanRegistry.destroySingletons(DefaultSingletonBeanRegistry.java:704) ~[spring-beans-7.0.9.jar:7.0.9]
	at org.springframework.beans.factory.support.DefaultListableBeanFactory.destroySingletons(DefaultListableBeanFactory.java:1500) ~[spring-beans-7.0.9.jar:7.0.9]
	at org.springframework.context.support.AbstractApplicationContext.destroyBeans(AbstractApplicationContext.java:1246) ~[spring-context-7.0.9.jar:7.0.9]
	at org.springframework.context.support.AbstractApplicationContext.doClose(AbstractApplicationContext.java:1207) ~[spring-context-7.0.9.jar:7.0.9]
	at org.springframework.boot.web.server.servlet.context.ServletWebServerApplicationContext.doClose(ServletWebServerApplicationContext.java:176) ~[spring-boot-web-server-4.1.1.jar:4.1.1]
	at org.springframework.context.support.AbstractApplicationContext.close(AbstractApplicationContext.java:1153) ~[spring-context-7.0.9.jar:7.0.9]
	at org.springframework.boot.SpringApplicationShutdownHook.closeAndWait(SpringApplicationShutdownHook.java:147) ~[spring-boot-4.1.1.jar:4.1.1]
	at java.base/java.lang.Iterable.forEach(Iterable.java:75) ~[na:na]
	at org.springframework.boot.SpringApplicationShutdownHook.run(SpringApplicationShutdownHook.java:116) ~[spring-boot-4.1.1.jar:4.1.1]
	at java.base/java.lang.Thread.run(Thread.java:1583) ~[na:na]

2026-09-06T16:01:10.062+02:00  INFO 12024 --- [order-service] [SpringApplicationShutdownHook] com.netflix.discovery.DiscoveryClient    : Completed shut down of DiscoveryClient
2026-09-06T16:14:38.569+02:00  INFO 13267 --- [order-service] [main] com.ecommerce.order.OrderApplication     : Starting OrderApplication using Java 21.0.10 with PID 13267 (/Users/limon/Documents/SehrishWrokspace/eCommerceMicroservice/ecom-microservices/order/order/target/classes started by limon in /Users/limon/Documents/SehrishWrokspace/eCommerceMicroservice/ecom-microservices)
2026-09-06T16:14:38.572+02:00  INFO 13267 --- [order-service] [main] com.ecommerce.order.OrderApplication     : No active profile set, falling back to 1 default profile: "default"
2026-09-06T16:14:38.612+02:00  INFO 13267 --- [order-service] [main] o.s.c.c.c.ConfigServerConfigDataLoader   : Fetching config from server at : http://localhost:8888
2026-09-06T16:14:38.612+02:00  INFO 13267 --- [order-service] [main] o.s.c.c.c.ConfigServerConfigDataLoader   : Located environment: name=order-service, profiles=[default], label=null, version=null, state=null
2026-09-06T16:14:39.533+02:00  INFO 13267 --- [order-service] [main] .s.d.r.c.RepositoryConfigurationDelegate : Bootstrapping Spring Data JPA repositories in DEFAULT mode.
2026-09-06T16:14:39.774+02:00  INFO 13267 --- [order-service] [main] .s.d.r.c.RepositoryConfigurationDelegate : Finished Spring Data repository scanning in 230 ms. Found 2 JPA repository interfaces.
2026-09-06T16:14:40.106+02:00  INFO 13267 --- [order-service] [main] faultConfiguringBeanFactoryPostProcessor : No bean named 'errorChannel' has been explicitly defined. Therefore, a default PublishSubscribeChannel will be created.
2026-09-06T16:14:40.118+02:00  INFO 13267 --- [order-service] [main] faultConfiguringBeanFactoryPostProcessor : No bean named 'integrationHeaderChannelRegistry' has been explicitly defined. Therefore, a default DefaultHeaderChannelRegistry will be created.
2026-09-06T16:14:40.229+02:00  INFO 13267 --- [order-service] [main] o.s.cloud.context.scope.GenericScope     : BeanFactory id=cda60ed3-816b-3b31-8296-6807a9a478f4
2026-09-06T16:14:40.643+02:00  INFO 13267 --- [order-service] [main] o.s.boot.tomcat.TomcatWebServer          : Tomcat initialized with port 8083 (http)
2026-09-06T16:14:40.656+02:00  INFO 13267 --- [order-service] [main] o.apache.catalina.core.StandardService   : Starting service [Tomcat]
2026-09-06T16:14:40.656+02:00  INFO 13267 --- [order-service] [main] o.apache.catalina.core.StandardEngine    : Starting Servlet engine: [Apache Tomcat/11.0.24]
2026-09-06T16:14:40.705+02:00  INFO 13267 --- [order-service] [main] b.w.c.s.WebApplicationContextInitializer : Root WebApplicationContext: initialization completed in 2091 ms
2026-09-06T16:14:41.045+02:00  INFO 13267 --- [order-service] [main] org.hibernate.orm.jpa                    : HHH008540: Processing PersistenceUnitInfo [name: default]
2026-09-06T16:14:41.127+02:00  INFO 13267 --- [order-service] [main] org.hibernate.orm.core                   : HHH000001: Hibernate ORM core version 7.4.5.Final
2026-09-06T16:14:41.555+02:00  INFO 13267 --- [order-service] [main] o.s.o.j.p.SpringPersistenceUnitInfo      : No LoadTimeWeaver setup: ignoring JPA class transformer
2026-09-06T16:14:41.596+02:00  INFO 13267 --- [order-service] [main] com.zaxxer.hikari.HikariDataSource       : HikariPool-1 - Starting...
2026-09-06T16:14:41.790+02:00  INFO 13267 --- [order-service] [main] com.zaxxer.hikari.pool.HikariPool        : HikariPool-1 - Added connection org.postgresql.jdbc.PgConnection@46c093b4
2026-09-06T16:14:41.792+02:00  INFO 13267 --- [order-service] [main] com.zaxxer.hikari.HikariDataSource       : HikariPool-1 - Start completed.
2026-09-06T16:14:41.828+02:00  WARN 13267 --- [order-service] [main] org.hibernate.orm.deprecation            : HHH90000025: PostgreSQLDialect does not need to be specified explicitly using 'hibernate.dialect' (remove the property setting and it will be selected by default)
2026-09-06T16:14:41.860+02:00  INFO 13267 --- [order-service] [main] org.hibernate.orm.connections.pooling    : HHH10001005: Database info:
	Database JDBC URL [jdbc:postgresql://localhost:5432/ecommerce]
	Database driver: PostgreSQL JDBC Driver
	Database dialect: PostgreSQLDialect
	Database version: 17.11
	Default catalog/schema: ecommerce/public
	Autocommit mode: undefined/unknown
	Isolation level: READ_COMMITTED [default READ_COMMITTED]
	JDBC fetch size: none
	Pool: DataSourceConnectionProvider
	Minimum pool size: undefined/unknown
	Maximum pool size: undefined/unknown
2026-09-06T16:14:42.943+02:00  INFO 13267 --- [order-service] [main] org.hibernate.orm.core                   : HHH000489: No JTA platform available (set 'hibernate.transaction.jta.platform' to enable JTA platform integration)
2026-09-06T16:14:43.029+02:00  INFO 13267 --- [order-service] [main] j.LocalContainerEntityManagerFactoryBean : Initialized JPA EntityManagerFactory for persistence unit 'default'
2026-09-06T16:14:43.121+02:00  INFO 13267 --- [order-service] [main] o.s.d.j.r.query.QueryEnhancerFactories   : Hibernate is in classpath; If applicable, HQL parser will be used.
2026-09-06T16:14:43.654+02:00  WARN 13267 --- [order-service] [main] JpaBaseConfiguration$JpaWebConfiguration : spring.jpa.open-in-view is enabled by default. Therefore, database queries may be performed during view rendering. Explicitly configure spring.jpa.open-in-view to disable this warning
2026-09-06T16:14:44.066+02:00  INFO 13267 --- [order-service] [main] o.s.c.s.m.DirectWithAttributesChannel    : Channel 'order-service.springCloudBusInput' has 1 subscriber(s).
2026-09-06T16:14:44.686+02:00  INFO 13267 --- [order-service] [main] DiscoveryClientOptionalArgsConfiguration : Eureka HTTP Client uses RestClient.
2026-09-06T16:14:44.736+02:00  WARN 13267 --- [order-service] [main] iguration$LoadBalancerCaffeineWarnLogger : Spring Cloud LoadBalancer is currently working with the default cache. While this cache implementation is useful for development and tests, it's recommended to use Caffeine cache in production.You can switch to using Caffeine cache, by adding it and org.springframework.cache.caffeine.CaffeineCacheManager to the classpath.
2026-09-06T16:14:44.742+02:00  INFO 13267 --- [order-service] [main] o.s.b.a.e.web.EndpointLinksResolver      : Exposing 24 endpoints beneath base path '/actuator'
2026-09-06T16:14:44.855+02:00  INFO 13267 --- [order-service] [main] o.s.i.endpoint.EventDrivenConsumer       : Adding {logging-channel-adapter:_org.springframework.integration.errorLogger} as a subscriber to the 'errorChannel' channel
2026-09-06T16:14:44.856+02:00  INFO 13267 --- [order-service] [main] o.s.i.channel.PublishSubscribeChannel    : Channel 'order-service.errorChannel' has 1 subscriber(s).
2026-09-06T16:14:44.856+02:00  INFO 13267 --- [order-service] [main] o.s.i.endpoint.EventDrivenConsumer       : started bean '_org.springframework.integration.errorLogger'
2026-09-06T16:14:44.887+02:00  INFO 13267 --- [order-service] [main] o.s.c.n.eureka.InstanceInfoFactory       : Setting initial instance status as: STARTING
2026-09-06T16:14:44.929+02:00  INFO 13267 --- [order-service] [main] com.netflix.discovery.DiscoveryClient    : Initializing Eureka in region us-east-1
2026-09-06T16:14:44.933+02:00  INFO 13267 --- [order-service] [main] c.n.d.s.r.aws.ConfigClusterResolver      : Resolving eureka endpoints via configuration
2026-09-06T16:14:44.944+02:00  INFO 13267 --- [order-service] [main] com.netflix.discovery.DiscoveryClient    : Disable delta property : false
2026-09-06T16:14:44.944+02:00  INFO 13267 --- [order-service] [main] com.netflix.discovery.DiscoveryClient    : Single vip registry refresh property : null
2026-09-06T16:14:44.945+02:00  INFO 13267 --- [order-service] [main] com.netflix.discovery.DiscoveryClient    : Force full registry fetch : false
2026-09-06T16:14:44.945+02:00  INFO 13267 --- [order-service] [main] com.netflix.discovery.DiscoveryClient    : Application is null : false
2026-09-06T16:14:44.945+02:00  INFO 13267 --- [order-service] [main] com.netflix.discovery.DiscoveryClient    : Registered Applications size is zero : true
2026-09-06T16:14:44.945+02:00  INFO 13267 --- [order-service] [main] com.netflix.discovery.DiscoveryClient    : Application version is -1: true
2026-09-06T16:14:44.945+02:00  INFO 13267 --- [order-service] [main] com.netflix.discovery.DiscoveryClient    : Getting all instance registry info from the eureka server
2026-09-06T16:14:45.105+02:00  INFO 13267 --- [order-service] [main] com.netflix.discovery.DiscoveryClient    : The response status is 200
2026-09-06T16:14:45.107+02:00  INFO 13267 --- [order-service] [main] com.netflix.discovery.DiscoveryClient    : Starting heartbeat executor: renew interval is: 30
2026-09-06T16:14:45.109+02:00  INFO 13267 --- [order-service] [main] c.n.discovery.InstanceInfoReplicator     : InstanceInfoReplicator onDemand update allowed rate per min is 4
2026-09-06T16:14:45.110+02:00  INFO 13267 --- [order-service] [main] com.netflix.discovery.DiscoveryClient    : Discovery Client initialized at timestamp 1788704085110 with initial instances count: 0
2026-09-06T16:14:45.119+02:00  INFO 13267 --- [order-service] [main] o.s.c.n.e.s.EurekaServiceRegistry        : Registering application ORDER-SERVICE with eureka with status UP
2026-09-06T16:14:45.120+02:00  INFO 13267 --- [order-service] [main] com.netflix.discovery.DiscoveryClient    : Saw local status change event StatusChangeEvent [timestamp=1788704085120, current=UP, previous=STARTING]
2026-09-06T16:14:45.122+02:00  INFO 13267 --- [order-service] [DiscoveryClient-InstanceInfoReplicator-%d] com.netflix.discovery.DiscoveryClient    : DiscoveryClient_ORDER-SERVICE/macbookpro:order-service:8083: registering service...
2026-09-06T16:14:45.123+02:00  INFO 13267 --- [order-service] [main] o.s.c.s.binder.DefaultBinderFactory      : Creating binder: rabbit
2026-09-06T16:14:45.123+02:00  INFO 13267 --- [order-service] [main] o.s.c.s.binder.DefaultBinderFactory      : Constructing binder child context for rabbit
2026-09-06T16:14:45.174+02:00  INFO 13267 --- [order-service] [DiscoveryClient-InstanceInfoReplicator-%d] com.netflix.discovery.DiscoveryClient    : DiscoveryClient_ORDER-SERVICE/macbookpro:order-service:8083 - registration status: 204
2026-09-06T16:14:45.239+02:00  INFO 13267 --- [order-service] [main] o.s.c.s.binder.DefaultBinderFactory      : Caching the binder: rabbit
2026-09-06T16:14:45.249+02:00  INFO 13267 --- [order-service] [main] c.s.b.r.p.RabbitExchangeQueueProvisioner : declaring queue for inbound: springCloudBus.anonymous.6HZWKXv1QSaqbkHt-Dq3zw, bound to: springCloudBus
2026-09-06T16:14:45.255+02:00  INFO 13267 --- [order-service] [main] o.s.a.r.c.CachingConnectionFactory       : Attempting to connect to: [localhost:5672]
2026-09-06T16:14:45.302+02:00  INFO 13267 --- [order-service] [main] o.s.a.r.c.CachingConnectionFactory       : Created new connection: rabbitConnectionFactory#3ca26839:0/SimpleConnection@2349aa88 [delegate=amqp://rabbit@127.0.0.1:5672/, localPort=53505]
2026-09-06T16:14:45.348+02:00  INFO 13267 --- [order-service] [main] o.s.c.stream.binder.BinderErrorChannel   : Channel 'rabbit-1781548235.springCloudBusInput.errors' has 1 subscriber(s).
2026-09-06T16:14:45.349+02:00  INFO 13267 --- [order-service] [main] o.s.c.stream.binder.BinderErrorChannel   : Channel 'rabbit-1781548235.springCloudBusInput.errors' has 2 subscriber(s).
2026-09-06T16:14:45.368+02:00  INFO 13267 --- [order-service] [main] o.s.i.a.i.AmqpInboundChannelAdapter      : started bean 'inbound.springCloudBus.anonymous.6HZWKXv1QSaqbkHt-Dq3zw'
2026-09-06T16:14:45.384+02:00  INFO 13267 --- [order-service] [main] o.s.boot.tomcat.TomcatWebServer          : Tomcat started on port 8083 (http) with context path '/'
2026-09-06T16:14:45.386+02:00  INFO 13267 --- [order-service] [main] .s.c.n.e.s.EurekaAutoServiceRegistration : Updating port to 8083
2026-09-06T16:14:45.449+02:00  INFO 13267 --- [order-service] [main] com.ecommerce.order.OrderApplication     : Started OrderApplication in 7.823 seconds (process running for 8.473)
2026-09-06T16:15:08.251+02:00  INFO 13267 --- [order-service] [SpringApplicationShutdownHook] o.s.c.n.e.s.EurekaServiceRegistry        : Unregistering application ORDER-SERVICE with eureka with status DOWN
2026-09-06T16:15:08.253+02:00  INFO 13267 --- [order-service] [SpringApplicationShutdownHook] com.netflix.discovery.DiscoveryClient    : Saw local status change event StatusChangeEvent [timestamp=1788704108253, current=DOWN, previous=UP]
2026-09-06T16:15:08.254+02:00  INFO 13267 --- [order-service] [DiscoveryClient-InstanceInfoReplicator-%d] com.netflix.discovery.DiscoveryClient    : DiscoveryClient_ORDER-SERVICE/macbookpro:order-service:8083: registering service...
2026-09-06T16:15:08.268+02:00  INFO 13267 --- [order-service] [SpringApplicationShutdownHook] o.s.boot.tomcat.GracefulShutdown         : Commencing graceful shutdown. Waiting for active requests to complete
2026-09-06T16:15:08.263+02:00  INFO 13267 --- [order-service] [DiscoveryClient-InstanceInfoReplicator-%d] c.n.d.s.t.d.RedirectingEurekaHttpClient  : Request execution error. endpoint=DefaultEndpoint{ serviceUrl='http://localhost:8761/eureka/} exception=I/O error on POST request for "http://localhost:8761/eureka/apps/ORDER-SERVICE": localhost:8761 failed to respond

org.springframework.web.client.ResourceAccessException: I/O error on POST request for "http://localhost:8761/eureka/apps/ORDER-SERVICE": localhost:8761 failed to respond
	at org.springframework.web.client.DefaultRestClient$DefaultRequestBodyUriSpec.createResourceAccessException(DefaultRestClient.java:779) ~[spring-web-7.0.9.jar:7.0.9]
	at org.springframework.web.client.DefaultRestClient$DefaultRequestBodyUriSpec.exchangeInternal(DefaultRestClient.java:624) ~[spring-web-7.0.9.jar:7.0.9]
	at org.springframework.web.client.DefaultRestClient$DefaultRequestBodyUriSpec.exchange(DefaultRestClient.java:572) ~[spring-web-7.0.9.jar:7.0.9]
	at org.springframework.web.client.RestClient$RequestHeadersSpec.exchange(RestClient.java:747) ~[spring-web-7.0.9.jar:7.0.9]
	at org.springframework.web.client.DefaultRestClient$DefaultResponseSpec.executeAndExtract(DefaultRestClient.java:924) ~[spring-web-7.0.9.jar:7.0.9]
	at org.springframework.web.client.DefaultRestClient$DefaultResponseSpec.toBodilessEntity(DefaultRestClient.java:888) ~[spring-web-7.0.9.jar:7.0.9]
	at org.springframework.cloud.netflix.eureka.http.RestClientEurekaHttpClient.register(RestClientEurekaHttpClient.java:64) ~[spring-cloud-netflix-eureka-client-5.0.2.jar:5.0.2]
	at com.netflix.discovery.shared.transport.decorator.EurekaHttpClientDecorator$1.execute(EurekaHttpClientDecorator.java:59) ~[eureka-client-2.0.6.jar:2.0.6]
	at com.netflix.discovery.shared.transport.decorator.RedirectingEurekaHttpClient.execute(RedirectingEurekaHttpClient.java:90) ~[eureka-client-2.0.6.jar:2.0.6]
	at com.netflix.discovery.shared.transport.decorator.EurekaHttpClientDecorator.register(EurekaHttpClientDecorator.java:56) ~[eureka-client-2.0.6.jar:2.0.6]
	at com.netflix.discovery.shared.transport.decorator.EurekaHttpClientDecorator$1.execute(EurekaHttpClientDecorator.java:59) ~[eureka-client-2.0.6.jar:2.0.6]
	at com.netflix.discovery.shared.transport.decorator.RetryableEurekaHttpClient.execute(RetryableEurekaHttpClient.java:120) ~[eureka-client-2.0.6.jar:2.0.6]
	at com.netflix.discovery.shared.transport.decorator.EurekaHttpClientDecorator.register(EurekaHttpClientDecorator.java:56) ~[eureka-client-2.0.6.jar:2.0.6]
	at com.netflix.discovery.shared.transport.decorator.EurekaHttpClientDecorator$1.execute(EurekaHttpClientDecorator.java:59) ~[eureka-client-2.0.6.jar:2.0.6]
	at com.netflix.discovery.shared.transport.decorator.SessionedEurekaHttpClient.execute(SessionedEurekaHttpClient.java:76) ~[eureka-client-2.0.6.jar:2.0.6]
	at com.netflix.discovery.shared.transport.decorator.EurekaHttpClientDecorator.register(EurekaHttpClientDecorator.java:56) ~[eureka-client-2.0.6.jar:2.0.6]
	at com.netflix.discovery.DiscoveryClient.register(DiscoveryClient.java:843) ~[eureka-client-2.0.6.jar:2.0.6]
	at com.netflix.discovery.InstanceInfoReplicator.run(InstanceInfoReplicator.java:125) ~[eureka-client-2.0.6.jar:2.0.6]
	at com.netflix.discovery.InstanceInfoReplicator$2.run(InstanceInfoReplicator.java:105) ~[eureka-client-2.0.6.jar:2.0.6]
	at java.base/java.util.concurrent.Executors$RunnableAdapter.call(Executors.java:572) ~[na:na]
	at java.base/java.util.concurrent.FutureTask.run(FutureTask.java:317) ~[na:na]
	at java.base/java.util.concurrent.ScheduledThreadPoolExecutor$ScheduledFutureTask.run(ScheduledThreadPoolExecutor.java:304) ~[na:na]
	at java.base/java.util.concurrent.ThreadPoolExecutor.runWorker(ThreadPoolExecutor.java:1144) ~[na:na]
	at java.base/java.util.concurrent.ThreadPoolExecutor$Worker.run(ThreadPoolExecutor.java:642) ~[na:na]
	at java.base/java.lang.Thread.run(Thread.java:1583) ~[na:na]
Caused by: org.apache.hc.core5.http.NoHttpResponseException: localhost:8761 failed to respond
	at org.apache.hc.core5.http.impl.io.DefaultBHttpClientConnection.receiveResponseHeader(DefaultBHttpClientConnection.java:333) ~[httpcore5-5.4.3.jar:5.4.3]
	at org.apache.hc.core5.http.impl.io.HttpRequestExecutor.execute(HttpRequestExecutor.java:197) ~[httpcore5-5.4.3.jar:5.4.3]
	at org.apache.hc.client5.http.impl.classic.InternalExecRuntime.lambda$execute$0(InternalExecRuntime.java:236) ~[httpclient5-5.6.4.jar:5.6.4]
	at org.apache.hc.client5.http.impl.io.PoolingHttpClientConnectionManager$InternalConnectionEndpoint.execute(PoolingHttpClientConnectionManager.java:851) ~[httpclient5-5.6.4.jar:5.6.4]
	at org.apache.hc.client5.http.impl.classic.InternalExecRuntime.execute(InternalExecRuntime.java:233) ~[httpclient5-5.6.4.jar:5.6.4]
	at org.apache.hc.client5.http.impl.classic.MainClientExec.execute(MainClientExec.java:120) ~[httpclient5-5.6.4.jar:5.6.4]
	at org.apache.hc.client5.http.impl.classic.ExecChainElement.execute(ExecChainElement.java:51) ~[httpclient5-5.6.4.jar:5.6.4]
	at org.apache.hc.client5.http.impl.classic.ConnectExec.execute(ConnectExec.java:192) ~[httpclient5-5.6.4.jar:5.6.4]
	at org.apache.hc.client5.http.impl.classic.ExecChainElement.execute(ExecChainElement.java:51) ~[httpclient5-5.6.4.jar:5.6.4]
	at org.apache.hc.client5.http.impl.classic.ProtocolExec.execute(ProtocolExec.java:192) ~[httpclient5-5.6.4.jar:5.6.4]
	at org.apache.hc.client5.http.impl.classic.ExecChainElement.execute(ExecChainElement.java:51) ~[httpclient5-5.6.4.jar:5.6.4]
	at org.apache.hc.client5.http.impl.classic.ContentCompressionExec.execute(ContentCompressionExec.java:138) ~[httpclient5-5.6.4.jar:5.6.4]
	at org.apache.hc.client5.http.impl.classic.ExecChainElement.execute(ExecChainElement.java:51) ~[httpclient5-5.6.4.jar:5.6.4]
	at org.apache.hc.client5.http.impl.classic.HttpRequestRetryExec.execute(HttpRequestRetryExec.java:112) ~[httpclient5-5.6.4.jar:5.6.4]
	at org.apache.hc.client5.http.impl.classic.ExecChainElement.execute(ExecChainElement.java:51) ~[httpclient5-5.6.4.jar:5.6.4]
	at org.apache.hc.client5.http.impl.classic.RedirectExec.execute(RedirectExec.java:110) ~[httpclient5-5.6.4.jar:5.6.4]
	at org.apache.hc.client5.http.impl.classic.ExecChainElement.execute(ExecChainElement.java:51) ~[httpclient5-5.6.4.jar:5.6.4]
	at org.apache.hc.client5.http.impl.classic.InternalHttpClient.doExecute(InternalHttpClient.java:186) ~[httpclient5-5.6.4.jar:5.6.4]
	at org.apache.hc.client5.http.impl.classic.CloseableHttpClient.execute(CloseableHttpClient.java:87) ~[httpclient5-5.6.4.jar:5.6.4]
	at org.apache.hc.client5.http.impl.classic.CloseableHttpClient.execute(CloseableHttpClient.java:55) ~[httpclient5-5.6.4.jar:5.6.4]
	at org.apache.hc.client5.http.classic.HttpClient.executeOpen(HttpClient.java:183) ~[httpclient5-5.6.4.jar:5.6.4]
	at org.springframework.http.client.HttpComponentsClientHttpRequest.executeInternal(HttpComponentsClientHttpRequest.java:99) ~[spring-web-7.0.9.jar:7.0.9]
	at org.springframework.http.client.AbstractStreamingClientHttpRequest.executeInternal(AbstractStreamingClientHttpRequest.java:87) ~[spring-web-7.0.9.jar:7.0.9]
	at org.springframework.http.client.AbstractClientHttpRequest.execute(AbstractClientHttpRequest.java:80) ~[spring-web-7.0.9.jar:7.0.9]
	at org.springframework.http.client.AbstractBufferingClientHttpRequest.executeWithRequestAndBody(AbstractBufferingClientHttpRequest.java:89) ~[spring-web-7.0.9.jar:7.0.9]
	at org.springframework.http.client.InterceptingClientHttpRequest$EndOfChainRequestExecution.execute(InterceptingClientHttpRequest.java:102) ~[spring-web-7.0.9.jar:7.0.9]
	at org.springframework.cloud.netflix.eureka.http.RestClientTransportClientFactory.lambda$newClient$2(RestClientTransportClientFactory.java:98) ~[spring-cloud-netflix-eureka-client-5.0.2.jar:5.0.2]
	at org.springframework.http.client.ClientHttpRequestInterceptor.lambda$apply$0(ClientHttpRequestInterceptor.java:89) ~[spring-web-7.0.9.jar:7.0.9]
	at org.springframework.http.client.InterceptingClientHttpRequest.executeInternal(InterceptingClientHttpRequest.java:73) ~[spring-web-7.0.9.jar:7.0.9]
	at org.springframework.http.client.AbstractBufferingClientHttpRequest.executeInternal(AbstractBufferingClientHttpRequest.java:50) ~[spring-web-7.0.9.jar:7.0.9]
	at org.springframework.http.client.AbstractClientHttpRequest.execute(AbstractClientHttpRequest.java:80) ~[spring-web-7.0.9.jar:7.0.9]
	at org.springframework.web.client.DefaultRestClient$DefaultRequestBodyUriSpec.exchangeInternal(DefaultRestClient.java:614) ~[spring-web-7.0.9.jar:7.0.9]
	... 23 common frames omitted

2026-09-06T16:15:08.272+02:00  WARN 13267 --- [order-service] [DiscoveryClient-InstanceInfoReplicator-%d] c.n.d.s.t.d.RetryableEurekaHttpClient    : Request execution failed with message: I/O error on POST request for "http://localhost:8761/eureka/apps/ORDER-SERVICE": localhost:8761 failed to respond
2026-09-06T16:15:08.287+02:00  INFO 13267 --- [order-service] [DiscoveryClient-InstanceInfoReplicator-%d] c.n.d.s.t.d.RedirectingEurekaHttpClient  : Request execution error. endpoint=DefaultEndpoint{ serviceUrl='http://localhost:8761/eureka/}, exception=I/O error on POST request for "http://localhost:8761/eureka/apps/ORDER-SERVICE": Connect to http://localhost:8761 failed: Connection refused

org.springframework.web.client.ResourceAccessException: I/O error on POST request for "http://localhost:8761/eureka/apps/ORDER-SERVICE": Connect to http://localhost:8761 failed: Connection refused
	at org.springframework.web.client.DefaultRestClient$DefaultRequestBodyUriSpec.createResourceAccessException(DefaultRestClient.java:779) ~[spring-web-7.0.9.jar:7.0.9]
	at org.springframework.web.client.DefaultRestClient$DefaultRequestBodyUriSpec.exchangeInternal(DefaultRestClient.java:624) ~[spring-web-7.0.9.jar:7.0.9]
	at org.springframework.web.client.DefaultRestClient$DefaultRequestBodyUriSpec.exchange(DefaultRestClient.java:572) ~[spring-web-7.0.9.jar:7.0.9]
	at org.springframework.web.client.RestClient$RequestHeadersSpec.exchange(RestClient.java:747) ~[spring-web-7.0.9.jar:7.0.9]
	at org.springframework.web.client.DefaultRestClient$DefaultResponseSpec.executeAndExtract(DefaultRestClient.java:924) ~[spring-web-7.0.9.jar:7.0.9]
	at org.springframework.web.client.DefaultRestClient$DefaultResponseSpec.toBodilessEntity(DefaultRestClient.java:888) ~[spring-web-7.0.9.jar:7.0.9]
	at org.springframework.cloud.netflix.eureka.http.RestClientEurekaHttpClient.register(RestClientEurekaHttpClient.java:64) ~[spring-cloud-netflix-eureka-client-5.0.2.jar:5.0.2]
	at com.netflix.discovery.shared.transport.decorator.EurekaHttpClientDecorator$1.execute(EurekaHttpClientDecorator.java:59) ~[eureka-client-2.0.6.jar:2.0.6]
	at com.netflix.discovery.shared.transport.decorator.RedirectingEurekaHttpClient.executeOnNewServer(RedirectingEurekaHttpClient.java:120) ~[eureka-client-2.0.6.jar:2.0.6]
	at com.netflix.discovery.shared.transport.decorator.RedirectingEurekaHttpClient.execute(RedirectingEurekaHttpClient.java:79) ~[eureka-client-2.0.6.jar:2.0.6]
	at com.netflix.discovery.shared.transport.decorator.EurekaHttpClientDecorator.register(EurekaHttpClientDecorator.java:56) ~[eureka-client-2.0.6.jar:2.0.6]
	at com.netflix.discovery.shared.transport.decorator.EurekaHttpClientDecorator$1.execute(EurekaHttpClientDecorator.java:59) ~[eureka-client-2.0.6.jar:2.0.6]
	at com.netflix.discovery.shared.transport.decorator.RetryableEurekaHttpClient.execute(RetryableEurekaHttpClient.java:120) ~[eureka-client-2.0.6.jar:2.0.6]
	at com.netflix.discovery.shared.transport.decorator.EurekaHttpClientDecorator.register(EurekaHttpClientDecorator.java:56) ~[eureka-client-2.0.6.jar:2.0.6]
	at com.netflix.discovery.shared.transport.decorator.EurekaHttpClientDecorator$1.execute(EurekaHttpClientDecorator.java:59) ~[eureka-client-2.0.6.jar:2.0.6]
	at com.netflix.discovery.shared.transport.decorator.SessionedEurekaHttpClient.execute(SessionedEurekaHttpClient.java:76) ~[eureka-client-2.0.6.jar:2.0.6]
	at com.netflix.discovery.shared.transport.decorator.EurekaHttpClientDecorator.register(EurekaHttpClientDecorator.java:56) ~[eureka-client-2.0.6.jar:2.0.6]
	at com.netflix.discovery.DiscoveryClient.register(DiscoveryClient.java:843) ~[eureka-client-2.0.6.jar:2.0.6]
	at com.netflix.discovery.InstanceInfoReplicator.run(InstanceInfoReplicator.java:125) ~[eureka-client-2.0.6.jar:2.0.6]
	at com.netflix.discovery.InstanceInfoReplicator$2.run(InstanceInfoReplicator.java:105) ~[eureka-client-2.0.6.jar:2.0.6]
	at java.base/java.util.concurrent.Executors$RunnableAdapter.call(Executors.java:572) ~[na:na]
	at java.base/java.util.concurrent.FutureTask.run(FutureTask.java:317) ~[na:na]
	at java.base/java.util.concurrent.ScheduledThreadPoolExecutor$ScheduledFutureTask.run(ScheduledThreadPoolExecutor.java:304) ~[na:na]
	at java.base/java.util.concurrent.ThreadPoolExecutor.runWorker(ThreadPoolExecutor.java:1144) ~[na:na]
	at java.base/java.util.concurrent.ThreadPoolExecutor$Worker.run(ThreadPoolExecutor.java:642) ~[na:na]
	at java.base/java.lang.Thread.run(Thread.java:1583) ~[na:na]
Caused by: org.apache.hc.client5.http.HttpHostConnectException: Connect to http://localhost:8761 failed: Connection refused
	at java.base/sun.nio.ch.Net.pollConnect(Native Method) ~[na:na]
	at java.base/sun.nio.ch.Net.pollConnectNow(Net.java:694) ~[na:na]
	at java.base/sun.nio.ch.NioSocketImpl.timedFinishConnect(NioSocketImpl.java:549) ~[na:na]
	at java.base/sun.nio.ch.NioSocketImpl.connect(NioSocketImpl.java:592) ~[na:na]
	at java.base/java.net.SocksSocketImpl.connect(SocksSocketImpl.java:327) ~[na:na]
	at java.base/java.net.Socket.connect(Socket.java:751) ~[na:na]
	at org.apache.hc.client5.http.impl.io.DefaultHttpClientConnectionOperator.connect(DefaultHttpClientConnectionOperator.java:219) ~[httpclient5-5.6.4.jar:5.6.4]
	at org.apache.hc.client5.http.impl.io.PoolingHttpClientConnectionManager.connect(PoolingHttpClientConnectionManager.java:547) ~[httpclient5-5.6.4.jar:5.6.4]
	at org.apache.hc.client5.http.impl.classic.InternalExecRuntime.connectEndpoint(InternalExecRuntime.java:164) ~[httpclient5-5.6.4.jar:5.6.4]
	at org.apache.hc.client5.http.impl.classic.InternalExecRuntime.connectEndpoint(InternalExecRuntime.java:174) ~[httpclient5-5.6.4.jar:5.6.4]
	at org.apache.hc.client5.http.impl.classic.ConnectExec.execute(ConnectExec.java:144) ~[httpclient5-5.6.4.jar:5.6.4]
	at org.apache.hc.client5.http.impl.classic.ExecChainElement.execute(ExecChainElement.java:51) ~[httpclient5-5.6.4.jar:5.6.4]
	at org.apache.hc.client5.http.impl.classic.ProtocolExec.execute(ProtocolExec.java:192) ~[httpclient5-5.6.4.jar:5.6.4]
	at org.apache.hc.client5.http.impl.classic.ExecChainElement.execute(ExecChainElement.java:51) ~[httpclient5-5.6.4.jar:5.6.4]
	at org.apache.hc.client5.http.impl.classic.ContentCompressionExec.execute(ContentCompressionExec.java:138) ~[httpclient5-5.6.4.jar:5.6.4]
	at org.apache.hc.client5.http.impl.classic.ExecChainElement.execute(ExecChainElement.java:51) ~[httpclient5-5.6.4.jar:5.6.4]
	at org.apache.hc.client5.http.impl.classic.HttpRequestRetryExec.execute(HttpRequestRetryExec.java:112) ~[httpclient5-5.6.4.jar:5.6.4]
	at org.apache.hc.client5.http.impl.classic.ExecChainElement.execute(ExecChainElement.java:51) ~[httpclient5-5.6.4.jar:5.6.4]
	at org.apache.hc.client5.http.impl.classic.RedirectExec.execute(RedirectExec.java:110) ~[httpclient5-5.6.4.jar:5.6.4]
	at org.apache.hc.client5.http.impl.classic.ExecChainElement.execute(ExecChainElement.java:51) ~[httpclient5-5.6.4.jar:5.6.4]
	at org.apache.hc.client5.http.impl.classic.InternalHttpClient.doExecute(InternalHttpClient.java:186) ~[httpclient5-5.6.4.jar:5.6.4]
	at org.apache.hc.client5.http.impl.classic.CloseableHttpClient.execute(CloseableHttpClient.java:87) ~[httpclient5-5.6.4.jar:5.6.4]
	at org.apache.hc.client5.http.impl.classic.CloseableHttpClient.execute(CloseableHttpClient.java:55) ~[httpclient5-5.6.4.jar:5.6.4]
	at org.apache.hc.client5.http.classic.HttpClient.executeOpen(HttpClient.java:183) ~[httpclient5-5.6.4.jar:5.6.4]
	at org.springframework.http.client.HttpComponentsClientHttpRequest.executeInternal(HttpComponentsClientHttpRequest.java:99) ~[spring-web-7.0.9.jar:7.0.9]
	at org.springframework.http.client.AbstractStreamingClientHttpRequest.executeInternal(AbstractStreamingClientHttpRequest.java:87) ~[spring-web-7.0.9.jar:7.0.9]
	at org.springframework.http.client.AbstractClientHttpRequest.execute(AbstractClientHttpRequest.java:80) ~[spring-web-7.0.9.jar:7.0.9]
	at org.springframework.http.client.AbstractBufferingClientHttpRequest.executeWithRequestAndBody(AbstractBufferingClientHttpRequest.java:89) ~[spring-web-7.0.9.jar:7.0.9]
	at org.springframework.http.client.InterceptingClientHttpRequest$EndOfChainRequestExecution.execute(InterceptingClientHttpRequest.java:102) ~[spring-web-7.0.9.jar:7.0.9]
	at org.springframework.cloud.netflix.eureka.http.RestClientTransportClientFactory.lambda$newClient$2(RestClientTransportClientFactory.java:98) ~[spring-cloud-netflix-eureka-client-5.0.2.jar:5.0.2]
	at org.springframework.http.client.ClientHttpRequestInterceptor.lambda$apply$0(ClientHttpRequestInterceptor.java:89) ~[spring-web-7.0.9.jar:7.0.9]
	at org.springframework.http.client.InterceptingClientHttpRequest.executeInternal(InterceptingClientHttpRequest.java:73) ~[spring-web-7.0.9.jar:7.0.9]
	at org.springframework.http.client.AbstractBufferingClientHttpRequest.executeInternal(AbstractBufferingClientHttpRequest.java:50) ~[spring-web-7.0.9.jar:7.0.9]
	at org.springframework.http.client.AbstractClientHttpRequest.execute(AbstractClientHttpRequest.java:80) ~[spring-web-7.0.9.jar:7.0.9]
	at org.springframework.web.client.DefaultRestClient$DefaultRequestBodyUriSpec.exchangeInternal(DefaultRestClient.java:614) ~[spring-web-7.0.9.jar:7.0.9]
	... 24 common frames omitted

2026-09-06T16:15:08.287+02:00  WARN 13267 --- [order-service] [DiscoveryClient-InstanceInfoReplicator-%d] c.n.d.s.t.d.RetryableEurekaHttpClient    : Request execution failed with message: I/O error on POST request for "http://localhost:8761/eureka/apps/ORDER-SERVICE": Connect to http://localhost:8761 failed: Connection refused
2026-09-06T16:15:08.288+02:00  WARN 13267 --- [order-service] [DiscoveryClient-InstanceInfoReplicator-%d] com.netflix.discovery.DiscoveryClient    : DiscoveryClient_ORDER-SERVICE/macbookpro:order-service:8083 - registration failed Cannot execute request on any known server

com.netflix.discovery.shared.transport.TransportException: Cannot execute request on any known server
	at com.netflix.discovery.shared.transport.decorator.RetryableEurekaHttpClient.execute(RetryableEurekaHttpClient.java:112) ~[eureka-client-2.0.6.jar:2.0.6]
	at com.netflix.discovery.shared.transport.decorator.EurekaHttpClientDecorator.register(EurekaHttpClientDecorator.java:56) ~[eureka-client-2.0.6.jar:2.0.6]
	at com.netflix.discovery.shared.transport.decorator.EurekaHttpClientDecorator$1.execute(EurekaHttpClientDecorator.java:59) ~[eureka-client-2.0.6.jar:2.0.6]
	at com.netflix.discovery.shared.transport.decorator.SessionedEurekaHttpClient.execute(SessionedEurekaHttpClient.java:76) ~[eureka-client-2.0.6.jar:2.0.6]
	at com.netflix.discovery.shared.transport.decorator.EurekaHttpClientDecorator.register(EurekaHttpClientDecorator.java:56) ~[eureka-client-2.0.6.jar:2.0.6]
	at com.netflix.discovery.DiscoveryClient.register(DiscoveryClient.java:843) ~[eureka-client-2.0.6.jar:2.0.6]
	at com.netflix.discovery.InstanceInfoReplicator.run(InstanceInfoReplicator.java:125) ~[eureka-client-2.0.6.jar:2.0.6]
	at com.netflix.discovery.InstanceInfoReplicator$2.run(InstanceInfoReplicator.java:105) ~[eureka-client-2.0.6.jar:2.0.6]
	at java.base/java.util.concurrent.Executors$RunnableAdapter.call(Executors.java:572) ~[na:na]
	at java.base/java.util.concurrent.FutureTask.run(FutureTask.java:317) ~[na:na]
	at java.base/java.util.concurrent.ScheduledThreadPoolExecutor$ScheduledFutureTask.run(ScheduledThreadPoolExecutor.java:304) ~[na:na]
	at java.base/java.util.concurrent.ThreadPoolExecutor.runWorker(ThreadPoolExecutor.java:1144) ~[na:na]
	at java.base/java.util.concurrent.ThreadPoolExecutor$Worker.run(ThreadPoolExecutor.java:642) ~[na:na]
	at java.base/java.lang.Thread.run(Thread.java:1583) ~[na:na]

2026-09-06T16:15:08.288+02:00  WARN 13267 --- [order-service] [DiscoveryClient-InstanceInfoReplicator-%d] c.n.discovery.InstanceInfoReplicator     : There was a problem with the instance info replicator

com.netflix.discovery.shared.transport.TransportException: Cannot execute request on any known server
	at com.netflix.discovery.shared.transport.decorator.RetryableEurekaHttpClient.execute(RetryableEurekaHttpClient.java:112) ~[eureka-client-2.0.6.jar:2.0.6]
	at com.netflix.discovery.shared.transport.decorator.EurekaHttpClientDecorator.register(EurekaHttpClientDecorator.java:56) ~[eureka-client-2.0.6.jar:2.0.6]
	at com.netflix.discovery.shared.transport.decorator.EurekaHttpClientDecorator$1.execute(EurekaHttpClientDecorator.java:59) ~[eureka-client-2.0.6.jar:2.0.6]
	at com.netflix.discovery.shared.transport.decorator.SessionedEurekaHttpClient.execute(SessionedEurekaHttpClient.java:76) ~[eureka-client-2.0.6.jar:2.0.6]
	at com.netflix.discovery.shared.transport.decorator.EurekaHttpClientDecorator.register(EurekaHttpClientDecorator.java:56) ~[eureka-client-2.0.6.jar:2.0.6]
	at com.netflix.discovery.DiscoveryClient.register(DiscoveryClient.java:843) ~[eureka-client-2.0.6.jar:2.0.6]
	at com.netflix.discovery.InstanceInfoReplicator.run(InstanceInfoReplicator.java:125) ~[eureka-client-2.0.6.jar:2.0.6]
	at com.netflix.discovery.InstanceInfoReplicator$2.run(InstanceInfoReplicator.java:105) ~[eureka-client-2.0.6.jar:2.0.6]
	at java.base/java.util.concurrent.Executors$RunnableAdapter.call(Executors.java:572) ~[na:na]
	at java.base/java.util.concurrent.FutureTask.run(FutureTask.java:317) ~[na:na]
	at java.base/java.util.concurrent.ScheduledThreadPoolExecutor$ScheduledFutureTask.run(ScheduledThreadPoolExecutor.java:304) ~[na:na]
	at java.base/java.util.concurrent.ThreadPoolExecutor.runWorker(ThreadPoolExecutor.java:1144) ~[na:na]
	at java.base/java.util.concurrent.ThreadPoolExecutor$Worker.run(ThreadPoolExecutor.java:642) ~[na:na]
	at java.base/java.lang.Thread.run(Thread.java:1583) ~[na:na]

2026-09-06T16:15:10.281+02:00  INFO 13267 --- [order-service] [tomcat-shutdown] o.s.boot.tomcat.GracefulShutdown         : Graceful shutdown complete
2026-09-06T16:15:10.303+02:00  INFO 13267 --- [order-service] [SpringApplicationShutdownHook] o.s.a.r.l.SimpleMessageListenerContainer : Waiting for workers to finish.
2026-09-06T16:15:10.448+02:00  INFO 13267 --- [order-service] [SpringApplicationShutdownHook] o.s.a.r.l.SimpleMessageListenerContainer : Successfully waited for workers to finish.
2026-09-06T16:15:10.450+02:00  INFO 13267 --- [order-service] [SpringApplicationShutdownHook] o.s.i.a.i.AmqpInboundChannelAdapter      : stopped bean 'inbound.springCloudBus.anonymous.6HZWKXv1QSaqbkHt-Dq3zw'
2026-09-06T16:15:10.459+02:00  INFO 13267 --- [order-service] [SpringApplicationShutdownHook] o.s.c.stream.binder.BinderErrorChannel   : Channel 'order-service.rabbit-1781548235.springCloudBusInput.errors' has 1 subscriber(s).
2026-09-06T16:15:10.461+02:00  INFO 13267 --- [order-service] [SpringApplicationShutdownHook] o.s.c.stream.binder.BinderErrorChannel   : Channel 'order-service.rabbit-1781548235.springCloudBusInput.errors' has 0 subscriber(s).
2026-09-06T16:15:10.502+02:00  INFO 13267 --- [order-service] [SpringApplicationShutdownHook] o.s.i.endpoint.EventDrivenConsumer       : Removing {logging-channel-adapter:_org.springframework.integration.errorLogger} as a subscriber to the 'errorChannel' channel
2026-09-06T16:15:10.502+02:00  INFO 13267 --- [order-service] [SpringApplicationShutdownHook] o.s.i.channel.PublishSubscribeChannel    : Channel 'order-service.errorChannel' has 0 subscriber(s).
2026-09-06T16:15:10.502+02:00  INFO 13267 --- [order-service] [SpringApplicationShutdownHook] o.s.i.endpoint.EventDrivenConsumer       : stopped bean '_org.springframework.integration.errorLogger'
2026-09-06T16:15:10.513+02:00  INFO 13267 --- [order-service] [SpringApplicationShutdownHook] j.LocalContainerEntityManagerFactoryBean : Closing JPA EntityManagerFactory for persistence unit 'default'
2026-09-06T16:15:10.516+02:00  INFO 13267 --- [order-service] [SpringApplicationShutdownHook] com.zaxxer.hikari.HikariDataSource       : HikariPool-1 - Shutdown initiated...
2026-09-06T16:15:10.518+02:00  INFO 13267 --- [order-service] [SpringApplicationShutdownHook] com.zaxxer.hikari.HikariDataSource       : HikariPool-1 - Shutdown completed.
2026-09-06T16:15:10.519+02:00  INFO 13267 --- [order-service] [SpringApplicationShutdownHook] com.netflix.discovery.DiscoveryClient    : Shutting down DiscoveryClient ...
2026-09-06T16:15:13.522+02:00  INFO 13267 --- [order-service] [SpringApplicationShutdownHook] com.netflix.discovery.DiscoveryClient    : Unregistering ...
2026-09-06T16:15:13.531+02:00  INFO 13267 --- [order-service] [SpringApplicationShutdownHook] c.n.d.s.t.d.RedirectingEurekaHttpClient  : Request execution error. endpoint=DefaultEndpoint{ serviceUrl='http://localhost:8761/eureka/}, exception=I/O error on DELETE request for "http://localhost:8761/eureka/apps/ORDER-SERVICE/macbookpro:order-service:8083": Connect to http://localhost:8761 failed: Connection refused

org.springframework.web.client.ResourceAccessException: I/O error on DELETE request for "http://localhost:8761/eureka/apps/ORDER-SERVICE/macbookpro:order-service:8083": Connect to http://localhost:8761 failed: Connection refused
	at org.springframework.web.client.DefaultRestClient$DefaultRequestBodyUriSpec.createResourceAccessException(DefaultRestClient.java:779) ~[spring-web-7.0.9.jar:7.0.9]
	at org.springframework.web.client.DefaultRestClient$DefaultRequestBodyUriSpec.exchangeInternal(DefaultRestClient.java:624) ~[spring-web-7.0.9.jar:7.0.9]
	at org.springframework.web.client.DefaultRestClient$DefaultRequestBodyUriSpec.exchange(DefaultRestClient.java:572) ~[spring-web-7.0.9.jar:7.0.9]
	at org.springframework.web.client.RestClient$RequestHeadersSpec.exchange(RestClient.java:747) ~[spring-web-7.0.9.jar:7.0.9]
	at org.springframework.web.client.DefaultRestClient$DefaultResponseSpec.executeAndExtract(DefaultRestClient.java:924) ~[spring-web-7.0.9.jar:7.0.9]
	at org.springframework.web.client.DefaultRestClient$DefaultResponseSpec.toBodilessEntity(DefaultRestClient.java:888) ~[spring-web-7.0.9.jar:7.0.9]
	at org.springframework.cloud.netflix.eureka.http.RestClientEurekaHttpClient.cancel(RestClientEurekaHttpClient.java:73) ~[spring-cloud-netflix-eureka-client-5.0.2.jar:5.0.2]
	at com.netflix.discovery.shared.transport.decorator.EurekaHttpClientDecorator$2.execute(EurekaHttpClientDecorator.java:74) ~[eureka-client-2.0.6.jar:2.0.6]
	at com.netflix.discovery.shared.transport.decorator.RedirectingEurekaHttpClient.executeOnNewServer(RedirectingEurekaHttpClient.java:120) ~[eureka-client-2.0.6.jar:2.0.6]
	at com.netflix.discovery.shared.transport.decorator.RedirectingEurekaHttpClient.execute(RedirectingEurekaHttpClient.java:79) ~[eureka-client-2.0.6.jar:2.0.6]
	at com.netflix.discovery.shared.transport.decorator.EurekaHttpClientDecorator.cancel(EurekaHttpClientDecorator.java:71) ~[eureka-client-2.0.6.jar:2.0.6]
	at com.netflix.discovery.shared.transport.decorator.EurekaHttpClientDecorator$2.execute(EurekaHttpClientDecorator.java:74) ~[eureka-client-2.0.6.jar:2.0.6]
	at com.netflix.discovery.shared.transport.decorator.RetryableEurekaHttpClient.execute(RetryableEurekaHttpClient.java:120) ~[eureka-client-2.0.6.jar:2.0.6]
	at com.netflix.discovery.shared.transport.decorator.EurekaHttpClientDecorator.cancel(EurekaHttpClientDecorator.java:71) ~[eureka-client-2.0.6.jar:2.0.6]
	at com.netflix.discovery.shared.transport.decorator.EurekaHttpClientDecorator$2.execute(EurekaHttpClientDecorator.java:74) ~[eureka-client-2.0.6.jar:2.0.6]
	at com.netflix.discovery.shared.transport.decorator.SessionedEurekaHttpClient.execute(SessionedEurekaHttpClient.java:76) ~[eureka-client-2.0.6.jar:2.0.6]
	at com.netflix.discovery.shared.transport.decorator.EurekaHttpClientDecorator.cancel(EurekaHttpClientDecorator.java:71) ~[eureka-client-2.0.6.jar:2.0.6]
	at com.netflix.discovery.DiscoveryClient.unregister(DiscoveryClient.java:934) ~[eureka-client-2.0.6.jar:2.0.6]
	at com.netflix.discovery.DiscoveryClient.shutdown(DiscoveryClient.java:915) ~[eureka-client-2.0.6.jar:2.0.6]
	at java.base/jdk.internal.reflect.DirectMethodHandleAccessor.invoke(DirectMethodHandleAccessor.java:103) ~[na:na]
	at java.base/java.lang.reflect.Method.invoke(Method.java:580) ~[na:na]
	at org.springframework.beans.factory.annotation.InitDestroyAnnotationBeanPostProcessor$LifecycleMethod.invoke(InitDestroyAnnotationBeanPostProcessor.java:453) ~[spring-beans-7.0.9.jar:7.0.9]
	at org.springframework.beans.factory.annotation.InitDestroyAnnotationBeanPostProcessor$LifecycleMetadata.invokeDestroyMethods(InitDestroyAnnotationBeanPostProcessor.java:411) ~[spring-beans-7.0.9.jar:7.0.9]
	at org.springframework.beans.factory.annotation.InitDestroyAnnotationBeanPostProcessor.postProcessBeforeDestruction(InitDestroyAnnotationBeanPostProcessor.java:237) ~[spring-beans-7.0.9.jar:7.0.9]
	at org.springframework.beans.factory.support.DisposableBeanAdapter.destroy(DisposableBeanAdapter.java:200) ~[spring-beans-7.0.9.jar:7.0.9]
	at org.springframework.beans.factory.support.DisposableBeanAdapter.run(DisposableBeanAdapter.java:193) ~[spring-beans-7.0.9.jar:7.0.9]
	at org.springframework.cloud.context.scope.GenericScope$BeanLifecycleWrapper.destroy(GenericScope.java:387) ~[spring-cloud-context-5.0.3.jar:5.0.3]
	at org.springframework.cloud.context.scope.GenericScope.destroy(GenericScope.java:134) ~[spring-cloud-context-5.0.3.jar:5.0.3]
	at org.springframework.beans.factory.support.DisposableBeanAdapter.destroy(DisposableBeanAdapter.java:209) ~[spring-beans-7.0.9.jar:7.0.9]
	at org.springframework.beans.factory.support.DefaultSingletonBeanRegistry.destroyBean(DefaultSingletonBeanRegistry.java:795) ~[spring-beans-7.0.9.jar:7.0.9]
	at org.springframework.beans.factory.support.DefaultSingletonBeanRegistry.destroySingleton(DefaultSingletonBeanRegistry.java:745) ~[spring-beans-7.0.9.jar:7.0.9]
	at org.springframework.beans.factory.support.DefaultListableBeanFactory.destroySingleton(DefaultListableBeanFactory.java:1507) ~[spring-beans-7.0.9.jar:7.0.9]
	at org.springframework.beans.factory.support.DefaultSingletonBeanRegistry.destroySingletons(DefaultSingletonBeanRegistry.java:704) ~[spring-beans-7.0.9.jar:7.0.9]
	at org.springframework.beans.factory.support.DefaultListableBeanFactory.destroySingletons(DefaultListableBeanFactory.java:1500) ~[spring-beans-7.0.9.jar:7.0.9]
	at org.springframework.context.support.AbstractApplicationContext.destroyBeans(AbstractApplicationContext.java:1246) ~[spring-context-7.0.9.jar:7.0.9]
	at org.springframework.context.support.AbstractApplicationContext.doClose(AbstractApplicationContext.java:1207) ~[spring-context-7.0.9.jar:7.0.9]
	at org.springframework.boot.web.server.servlet.context.ServletWebServerApplicationContext.doClose(ServletWebServerApplicationContext.java:176) ~[spring-boot-web-server-4.1.1.jar:4.1.1]
	at org.springframework.context.support.AbstractApplicationContext.close(AbstractApplicationContext.java:1153) ~[spring-context-7.0.9.jar:7.0.9]
	at org.springframework.boot.SpringApplicationShutdownHook.closeAndWait(SpringApplicationShutdownHook.java:147) ~[spring-boot-4.1.1.jar:4.1.1]
	at java.base/java.lang.Iterable.forEach(Iterable.java:75) ~[na:na]
	at org.springframework.boot.SpringApplicationShutdownHook.run(SpringApplicationShutdownHook.java:116) ~[spring-boot-4.1.1.jar:4.1.1]
	at java.base/java.lang.Thread.run(Thread.java:1583) ~[na:na]
Caused by: org.apache.hc.client5.http.HttpHostConnectException: Connect to http://localhost:8761 failed: Connection refused
	at java.base/sun.nio.ch.Net.pollConnect(Native Method) ~[na:na]
	at java.base/sun.nio.ch.Net.pollConnectNow(Net.java:694) ~[na:na]
	at java.base/sun.nio.ch.NioSocketImpl.timedFinishConnect(NioSocketImpl.java:549) ~[na:na]
	at java.base/sun.nio.ch.NioSocketImpl.connect(NioSocketImpl.java:592) ~[na:na]
	at java.base/java.net.SocksSocketImpl.connect(SocksSocketImpl.java:327) ~[na:na]
	at java.base/java.net.Socket.connect(Socket.java:751) ~[na:na]
	at org.apache.hc.client5.http.impl.io.DefaultHttpClientConnectionOperator.connect(DefaultHttpClientConnectionOperator.java:219) ~[httpclient5-5.6.4.jar:5.6.4]
	at org.apache.hc.client5.http.impl.io.PoolingHttpClientConnectionManager.connect(PoolingHttpClientConnectionManager.java:547) ~[httpclient5-5.6.4.jar:5.6.4]
	at org.apache.hc.client5.http.impl.classic.InternalExecRuntime.connectEndpoint(InternalExecRuntime.java:164) ~[httpclient5-5.6.4.jar:5.6.4]
	at org.apache.hc.client5.http.impl.classic.InternalExecRuntime.connectEndpoint(InternalExecRuntime.java:174) ~[httpclient5-5.6.4.jar:5.6.4]
	at org.apache.hc.client5.http.impl.classic.ConnectExec.execute(ConnectExec.java:144) ~[httpclient5-5.6.4.jar:5.6.4]
	at org.apache.hc.client5.http.impl.classic.ExecChainElement.execute(ExecChainElement.java:51) ~[httpclient5-5.6.4.jar:5.6.4]
	at org.apache.hc.client5.http.impl.classic.ProtocolExec.execute(ProtocolExec.java:192) ~[httpclient5-5.6.4.jar:5.6.4]
	at org.apache.hc.client5.http.impl.classic.ExecChainElement.execute(ExecChainElement.java:51) ~[httpclient5-5.6.4.jar:5.6.4]
	at org.apache.hc.client5.http.impl.classic.ContentCompressionExec.execute(ContentCompressionExec.java:138) ~[httpclient5-5.6.4.jar:5.6.4]
	at org.apache.hc.client5.http.impl.classic.ExecChainElement.execute(ExecChainElement.java:51) ~[httpclient5-5.6.4.jar:5.6.4]
	at org.apache.hc.client5.http.impl.classic.HttpRequestRetryExec.execute(HttpRequestRetryExec.java:112) ~[httpclient5-5.6.4.jar:5.6.4]
	at org.apache.hc.client5.http.impl.classic.ExecChainElement.execute(ExecChainElement.java:51) ~[httpclient5-5.6.4.jar:5.6.4]
	at org.apache.hc.client5.http.impl.classic.RedirectExec.execute(RedirectExec.java:110) ~[httpclient5-5.6.4.jar:5.6.4]
	at org.apache.hc.client5.http.impl.classic.ExecChainElement.execute(ExecChainElement.java:51) ~[httpclient5-5.6.4.jar:5.6.4]
	at org.apache.hc.client5.http.impl.classic.InternalHttpClient.doExecute(InternalHttpClient.java:186) ~[httpclient5-5.6.4.jar:5.6.4]
	at org.apache.hc.client5.http.impl.classic.CloseableHttpClient.execute(CloseableHttpClient.java:87) ~[httpclient5-5.6.4.jar:5.6.4]
	at org.apache.hc.client5.http.impl.classic.CloseableHttpClient.execute(CloseableHttpClient.java:55) ~[httpclient5-5.6.4.jar:5.6.4]
	at org.apache.hc.client5.http.classic.HttpClient.executeOpen(HttpClient.java:183) ~[httpclient5-5.6.4.jar:5.6.4]
	at org.springframework.http.client.HttpComponentsClientHttpRequest.executeInternal(HttpComponentsClientHttpRequest.java:99) ~[spring-web-7.0.9.jar:7.0.9]
	at org.springframework.http.client.AbstractStreamingClientHttpRequest.executeInternal(AbstractStreamingClientHttpRequest.java:87) ~[spring-web-7.0.9.jar:7.0.9]
	at org.springframework.http.client.AbstractClientHttpRequest.execute(AbstractClientHttpRequest.java:80) ~[spring-web-7.0.9.jar:7.0.9]
	at org.springframework.http.client.AbstractBufferingClientHttpRequest.executeWithRequestAndBody(AbstractBufferingClientHttpRequest.java:89) ~[spring-web-7.0.9.jar:7.0.9]
	at org.springframework.http.client.InterceptingClientHttpRequest$EndOfChainRequestExecution.execute(InterceptingClientHttpRequest.java:102) ~[spring-web-7.0.9.jar:7.0.9]
	at org.springframework.cloud.netflix.eureka.http.RestClientTransportClientFactory.lambda$newClient$2(RestClientTransportClientFactory.java:98) ~[spring-cloud-netflix-eureka-client-5.0.2.jar:5.0.2]
	at org.springframework.http.client.ClientHttpRequestInterceptor.lambda$apply$0(ClientHttpRequestInterceptor.java:89) ~[spring-web-7.0.9.jar:7.0.9]
	at org.springframework.http.client.InterceptingClientHttpRequest.executeInternal(InterceptingClientHttpRequest.java:73) ~[spring-web-7.0.9.jar:7.0.9]
	at org.springframework.http.client.AbstractBufferingClientHttpRequest.executeInternal(AbstractBufferingClientHttpRequest.java:50) ~[spring-web-7.0.9.jar:7.0.9]
	at org.springframework.http.client.AbstractClientHttpRequest.execute(AbstractClientHttpRequest.java:80) ~[spring-web-7.0.9.jar:7.0.9]
	at org.springframework.web.client.DefaultRestClient$DefaultRequestBodyUriSpec.exchangeInternal(DefaultRestClient.java:614) ~[spring-web-7.0.9.jar:7.0.9]
	... 40 common frames omitted

2026-09-06T16:15:13.532+02:00  WARN 13267 --- [order-service] [SpringApplicationShutdownHook] c.n.d.s.t.d.RetryableEurekaHttpClient    : Request execution failed with message: I/O error on DELETE request for "http://localhost:8761/eureka/apps/ORDER-SERVICE/macbookpro:order-service:8083": Connect to http://localhost:8761 failed: Connection refused
2026-09-06T16:15:13.533+02:00 ERROR 13267 --- [order-service] [SpringApplicationShutdownHook] com.netflix.discovery.DiscoveryClient    : DiscoveryClient_ORDER-SERVICE/macbookpro:order-service:8083 - de-registration failedCannot execute request on any known server

com.netflix.discovery.shared.transport.TransportException: Cannot execute request on any known server
	at com.netflix.discovery.shared.transport.decorator.RetryableEurekaHttpClient.execute(RetryableEurekaHttpClient.java:112) ~[eureka-client-2.0.6.jar:2.0.6]
	at com.netflix.discovery.shared.transport.decorator.EurekaHttpClientDecorator.cancel(EurekaHttpClientDecorator.java:71) ~[eureka-client-2.0.6.jar:2.0.6]
	at com.netflix.discovery.shared.transport.decorator.EurekaHttpClientDecorator$2.execute(EurekaHttpClientDecorator.java:74) ~[eureka-client-2.0.6.jar:2.0.6]
	at com.netflix.discovery.shared.transport.decorator.SessionedEurekaHttpClient.execute(SessionedEurekaHttpClient.java:76) ~[eureka-client-2.0.6.jar:2.0.6]
	at com.netflix.discovery.shared.transport.decorator.EurekaHttpClientDecorator.cancel(EurekaHttpClientDecorator.java:71) ~[eureka-client-2.0.6.jar:2.0.6]
	at com.netflix.discovery.DiscoveryClient.unregister(DiscoveryClient.java:934) ~[eureka-client-2.0.6.jar:2.0.6]
	at com.netflix.discovery.DiscoveryClient.shutdown(DiscoveryClient.java:915) ~[eureka-client-2.0.6.jar:2.0.6]
	at java.base/jdk.internal.reflect.DirectMethodHandleAccessor.invoke(DirectMethodHandleAccessor.java:103) ~[na:na]
	at java.base/java.lang.reflect.Method.invoke(Method.java:580) ~[na:na]
	at org.springframework.beans.factory.annotation.InitDestroyAnnotationBeanPostProcessor$LifecycleMethod.invoke(InitDestroyAnnotationBeanPostProcessor.java:453) ~[spring-beans-7.0.9.jar:7.0.9]
	at org.springframework.beans.factory.annotation.InitDestroyAnnotationBeanPostProcessor$LifecycleMetadata.invokeDestroyMethods(InitDestroyAnnotationBeanPostProcessor.java:411) ~[spring-beans-7.0.9.jar:7.0.9]
	at org.springframework.beans.factory.annotation.InitDestroyAnnotationBeanPostProcessor.postProcessBeforeDestruction(InitDestroyAnnotationBeanPostProcessor.java:237) ~[spring-beans-7.0.9.jar:7.0.9]
	at org.springframework.beans.factory.support.DisposableBeanAdapter.destroy(DisposableBeanAdapter.java:200) ~[spring-beans-7.0.9.jar:7.0.9]
	at org.springframework.beans.factory.support.DisposableBeanAdapter.run(DisposableBeanAdapter.java:193) ~[spring-beans-7.0.9.jar:7.0.9]
	at org.springframework.cloud.context.scope.GenericScope$BeanLifecycleWrapper.destroy(GenericScope.java:387) ~[spring-cloud-context-5.0.3.jar:5.0.3]
	at org.springframework.cloud.context.scope.GenericScope.destroy(GenericScope.java:134) ~[spring-cloud-context-5.0.3.jar:5.0.3]
	at org.springframework.beans.factory.support.DisposableBeanAdapter.destroy(DisposableBeanAdapter.java:209) ~[spring-beans-7.0.9.jar:7.0.9]
	at org.springframework.beans.factory.support.DefaultSingletonBeanRegistry.destroyBean(DefaultSingletonBeanRegistry.java:795) ~[spring-beans-7.0.9.jar:7.0.9]
	at org.springframework.beans.factory.support.DefaultSingletonBeanRegistry.destroySingleton(DefaultSingletonBeanRegistry.java:745) ~[spring-beans-7.0.9.jar:7.0.9]
	at org.springframework.beans.factory.support.DefaultListableBeanFactory.destroySingleton(DefaultListableBeanFactory.java:1507) ~[spring-beans-7.0.9.jar:7.0.9]
	at org.springframework.beans.factory.support.DefaultSingletonBeanRegistry.destroySingletons(DefaultSingletonBeanRegistry.java:704) ~[spring-beans-7.0.9.jar:7.0.9]
	at org.springframework.beans.factory.support.DefaultListableBeanFactory.destroySingletons(DefaultListableBeanFactory.java:1500) ~[spring-beans-7.0.9.jar:7.0.9]
	at org.springframework.context.support.AbstractApplicationContext.destroyBeans(AbstractApplicationContext.java:1246) ~[spring-context-7.0.9.jar:7.0.9]
	at org.springframework.context.support.AbstractApplicationContext.doClose(AbstractApplicationContext.java:1207) ~[spring-context-7.0.9.jar:7.0.9]
	at org.springframework.boot.web.server.servlet.context.ServletWebServerApplicationContext.doClose(ServletWebServerApplicationContext.java:176) ~[spring-boot-web-server-4.1.1.jar:4.1.1]
	at org.springframework.context.support.AbstractApplicationContext.close(AbstractApplicationContext.java:1153) ~[spring-context-7.0.9.jar:7.0.9]
	at org.springframework.boot.SpringApplicationShutdownHook.closeAndWait(SpringApplicationShutdownHook.java:147) ~[spring-boot-4.1.1.jar:4.1.1]
	at java.base/java.lang.Iterable.forEach(Iterable.java:75) ~[na:na]
	at org.springframework.boot.SpringApplicationShutdownHook.run(SpringApplicationShutdownHook.java:116) ~[spring-boot-4.1.1.jar:4.1.1]
	at java.base/java.lang.Thread.run(Thread.java:1583) ~[na:na]

2026-09-06T16:15:13.534+02:00  INFO 13267 --- [order-service] [SpringApplicationShutdownHook] com.netflix.discovery.DiscoveryClient    : Completed shut down of DiscoveryClient
